name,gender
priyanka,f
lali,f
suneeta,f
suman,f
raman,m
deshraj,m
sudhir,m
raj,m
veer,m
tanveer,m
shabana,f
babram,m
sharda,f
bhagwani,f
irfan,m
monika,f
rajesh,m
neha,f
abdul,m
mayank,m
seema,f
deepali,f
rahul,m
junna,m
mohan,m
pinki,f
soni,f
chanda,f
dinesh,m
amit,m
kunal,m
sayma,f
meena,f
prem,m
nargis,f
kali,f
shibu,m
annu,f
tasleem,m
sneh,f
renu,f
ramesh,m
pramod,m
kishor,m
arpit,m
altaf,m
deepa,f
dharmender,m
salman,m
mukesh,m
manoj,m
priya,f
gaurav,m
bhhatu,m
kusum,f
sandeep,m
dalchand,m
shalu,f
pooja,f
rakhi,f
sahrukh,m
chandru,m
heena,f
shulekha,f
rohit,m
madhu,f
hemlata,f
parsann,f
mahi,f
nasir,m
balram,m
salim,m
dolly,f
vijay,f
rakesh,m
sahira,f
ahmad,m
udaiveer,m
kumari,f
isika,f
sunita,f
geeta,f
ravishankar,m
lokesh,m
kajal,f
pooran,m
leena,f
naresh,m
megha,f
manisha,f
vinay,m
sudesh,f
manpreet,f
parmod,m
sakil,m
ranjeet,m
kusumlata,f
jabir,m
poonam,f
jaibir,m
sarita,f
heera,m
chanchal,f
chandan,m
saroj,f
suneel,m
hariom,m
meenakshi,f
sheetal,f
anjaly,f
simran,f
pushpa,f
varsha,f
mujeeb,m
rajni,f
abhishek,m
ashma,f
inderjeet,m
varsa,f
ashwani,m
nagina,f
tanisha,f
nirma,f
asha,f
suraj,m
ved,m
sahkir,m
jamir,m
praveen,m
tabssum,f
sadod,m
gudiya,f
shweta,f
chertamani,m
chorag,m
manish,m
nena,f
sitara,f
babli,f
shehnaz,f
rashi,f
somnath,m
kamla,f
dhaneshwari,f
sweta,f
mohhmad,m
raja,m
chandra,m
ashok,m
devendra,m
ashfaq,m
rajkumari,f
om,m
baccha,m
aamir,m
rubi,f
boby,m
ravi,m
vimla,f
jyoti,f
sabina,f
ahamad,m
barkha,f
khushbu,f
harsh,m
payal,f
sheeak,m
surendar,m
rukhsana,f
anju,f
manju,f
aditya,m
ranvir,m
satish,m
veeru,m
amarin,f
ram,m
sazzad,m
shahjad,m
anu,f
anuradha,f
anjali,f
neelam,f
sonam,f
vaibahv,m
anita,f
karmveer,m
rekha,f
manjeet,f
santosh,m
karamvir,m
vivek,m
parmila,f
umar,m
chaman,m
mahveer,m
yogesh,m
sushil,m
sonu,m
yashoda,f
sapna,f
nisha,f
kuldeep,m
rikkenchi,f
basanti,f
prakash,m
anam,f
manira,f
unknown,f
ruksana,f
wareesha,f
govind,f
fakrrudeen,m
pardeep,m
prinka,f
roshni,f
gulshan,f
sonali,f
abhash,m
harun,m
bhart,m
prasant,m
mohit,m
omprakash,m
bebi,f
sanjay,m
beeram,m
sania,f
chetana,f
balbir,m
rachnu,f
saneha,f
kamni,f
bhajju,m
divya,f
madan,m
surendra,m
komal,f
aneeta,f
jamila,f
muskuran,m
sonia,f
parul,f
pawan,m
arbana,f
preeti,f
sunder,m
kamal,m
ankit,m
nirmala,f
shashi,m
asho,f
sakina,f
hayatul,m
bhawna,f
mohani,f
sanju,f
charu,f
pukharam,m
sakuntala,f
subhash,m
aagand,m
dhana,f
narayan,m
meera,f
teerath,m
sohan,m
dheeraj,m
siraj,m
rajbala,f
deepak,m
aaysha,f
rupali,f
mamta,f
chet,m
vijay,m
swati,f
sunil,m
ushama,m
charan,m
nirjala,f
rampal,m
sayra,f
lalita,f
lakhi,f
sartaj,m
tabbasum,f
ravina,f
mahaveer,m
jitender,m
sandip,m
shashikant,m
annju,f
puspha,f
paras,m
ramniwas,m
mahendra,m
perdeep,m
marzina,f
ankita,f
sita,f
tariq,m
shifali,f
veepal,m
aarti,f
ajay,m
rupa,f
rasab,m
jagdish,m
rube,f
sunny,m
bhoori,f
meghu,m
sanjeev,m
vimal,m
mantu,m
krishama,f
lalit,m
mahroj,m
reenu,f
reshma,f
priti,f
munnia,f
ali,m
manu,m
saloni,f
nirmal,f
anjani,f
anil,m
mohammad,m
amjat,m
mansi,f
siwani,f
mustak,m
ratiman,m
phool,m
neetu,f
nikhat,f
rinesh,f
shivram,m
nirmal,m
pinky,f
suhail,m
kanchan,f
shina,f
utam,m
karishma,f
prema,f
asish,m
satyanarayan,m
palvi,f
karan,m
babita,f
vijaynti,f
mukhtar,m
razi,m
afreen,f
kaushal,f
suleman,m
nadim,m
gajendra,m
sukhvir,f
fakir,m
suhani,f
jugan,f
shipra,f
arman,m
rikha,f
shikha,f
vanish,m
beena,f
nano,f
rajender,m
vikas,m
yasin,m
rizwana,f
aman,m
akthari,f
vishal,m
vinothini,f
arif,m
jitin,m
sujeet,m
alka,f
nilam,f
ishmita,f
ravinder,m
ranju,f
nirmla,f
kiran,f
laxmeena,f
naveen,m
ramvihar,m
bala,f
bahart,m
guddi,f
devender,m
suresh,m
archana,f
noni,f
lakhan,m
moni,f
mahbub,m
chotan,m
fatima,f
yognder,m
abhijeet,m
arti,f
tarnum,f
khusbu,f
puranmal,m
ramchander,m
depali,f
purva,f
meenu,f
stifen,m
hasina,m
farah,f
rati,m
rani,f
sukhveer,m
inderjeet,f
saana,f
sahil,m
iqbal,m
monu,f
shaba,f
annu,m
sushmita,f
savita,f
anand,m
shardha,m
ramdhin,m
shripal,m
rita,f
rajeev,m
poshetty,m
indu,f
jaid,m
neelu,f
dataterya,m
laxmi,f
parth,m
khushi,f
manmohan,m
akhalak,m
kirshan,m
tabbsum,f
gobind,m
kanta,f
rinku,m
sadique,m
bhavna,f
bablu,m
guddu,m
sanjit,m
viriya,m
reena,f
biram,m
ramhet,m
sheikh,m
leela,m
vandna,f
sushila,f
sunilrawat,m
arsi,f
som,m
farzana,f
ridhima,f
hasan,m
sharda,m
akshay,m
shivani,f
shakil,m
sanjiv,m
raju,m
jaitun,f
maansingh,m
krishana,f
sohil,m
harpal,m
virender,m
premature,f
habiba,f
richa,f
lakhsmi,f
belo,f
kajul,f
shymo,f
aslam,m
hariesh,m
bhavana,f
bharti,f
usmani,f
parmeshwar,m
padma,f
rajenderi,f
chotu,m
sushree,f
sabbir,m
gungun,f
pinki,m
gulshan,m
satya,m
bir,m
syamsunder,m
kashum,f
harpreet,f
taj,m
mitlesh,f
sugna,f
sonu,f
seeta,f
jamshed,m
diya,f
maya,f
chunni,f
nareshpal,m
pritam,m
jabbar,m
jai,m
sahnara,f
arjun,m
kalpana,f
anurag,m
rashida,f
faisal,m
vijaypal,m
kashiv,m
samina,f
sanjeeta,f
puneet,m
karnesh,m
rinki,f
raspal,m
harbai,f
sangeet,f
jitesh,m
prem,f
roshan,f
pooja,m
surajmal,m
chander,m
vicky,m
parveen,m
nahid,m
minakshi,f
monu,m
kewal,m
indu,m
nakched,m
dharamvir,m
benu,m
babali,f
bhanwar,m
shetal,f
rajnesh,m
pulita,f
panna,m
punam,f
trlokchand,m
faijan,m
salma,f
vinod,m
sahjadi,f
zeshan,m
ghanshyam,m
teekam,m
satender,m
bsram,f
soheb,m
rihal,m
bhawana,f
bharat,m
radheshyam,m
disha,f
gurcharan,m
neeraj,m
babu,m
sardar,m
haji,m
radha,f
sumer,m
siya,m
sona,f
eklok,m
durga,f
aaftab,m
rameshwar,m
harbhajan,m
jitu,m
madharam,m
nazim,m
sachin,m
arthi,f
kritika,f
mahima,f
najma,f
sulekha,f
kamlesh,m
deeya,f
simranjeet,f
nitu,f
mul,m
aasha,f
jagat,m
vipin,m
devraj,m
ritu,f
raman,f
shubham,m
sayada,f
nigar,f
rajani,f
savina,f
ratwari,m
nadeem,m
uday,m
kallu,m
neeraj,f
urmila,f
vishnu,m
ramchandra,m
parmita,f
rajkumar,m
santosh,f
irfa,f
ramkumar,m
sarvesh,m
shaid,m
pradeep,m
guddiya,f
shiv,m
gajala,f
preena,f
fahim,m
mehru,f
bhanwari,f
satrudan,m
dilip,m
surjeet,m
vinit,m
dev,m
munna,m
kanwar,m
ramlal,m
arun,m
jaideep,m
narain,m
piyush,m
omprkash,m
manav,m
atul,m
amar,f
soniya,f
salinder,m
attar,f
raj,f
rajvir,m
sameer,m
kailash,m
sajid,m
jasiram,m
baby,f
shiya,f
ruby,f
jeeth,m
arpna,f
nandkishore,m
ashish,m
sanju,m
mangi,f
dhanraj,m
razia,f
naryani,f
jhora,f
himanshu,m
durg,m
janid,f
nand,m
namita,f
kavita,f
bahnu,f
snehlata,f
balraj,m
shahida,f
chain,m
manvir,m
pinku,f
shiwani,f
punit,m
nupur,f
rabina,f
binda,f
dharam,m
tanuja,f
kalu,m
pujadevi,f
gulesta,f
bhagwan,m
sehnawaj,m
sridwrikaprasad,m
kayamuddin,m
kushi,f
kalicharan,m
deepika,f
rinky,f
salmi,f
anooj,m
firdosh,f
shambhu,m
parvej,m
chanden,m
jaiparkash,m
diksha,f
prabhu,f
narbda,f
lisha,f
raveena,f
amjad,m
sumitra,f
indira,f
moshin,m
kamaal,m
munder,m
laxman,m
sangeeta,f
sarbari,f
keshram,m
sonia,m
sehin,m
phooli,f
ramnarayan,m
tarun,m
bhupesh,m
dharmpal,m
shahwaj,m
girish,m
afsana,f
nassin,f
saidas,m
kishan,m
brijesh,m
meeramai,f
krishan,m
khusaboo,m
harvinder,m
rasid,m
abhimanyu,m
narendera,m
himanshi,f
kaushaliya,f
ashmi,f
manender,m
ranjnika,f
mahender,m
brahmanand,m
saidul,m
pallu,m
rama,f
isha,f
prince,m
zarina,f
kelama,f
fazia,f
sanno,f
balaram,m
puran,m
ramswroop,m
doli,f
mina,f
lata,f
nikita,f
saka,f
aniket,m
sayeri,f
muzim,m
imrana,f
navita,f
nitin,m
najira,f
klu,f
vakila,f
rachna,f
ankus,m
ojas,m
gourav,m
indra,f
nandani,f
danwati,f
hina,f
pintu,m
bhagwati,f
aarushi,f
muskan,f
koshal,f
hiralal,m
veeru,f
mansur,m
rashmi,f
kiswar,f
farina,f
ranjna,f
gulista,f
jahid,m
nasreen,f
roopa,f
arvind,m
safali,f
aashish,m
kasturi,f
kirti,f
vikram,m
reema,f
sushant,m
noor,m
pushank,m
shakshi,f
madhuri,f
jahoor,m
savitri,f
vinaysingh,m
satpal,m
danish,m
urvashi,f
rafiq,m
mahesh,m
haider,m
juvel,m
farjana,f
hasibul,m
dibakar,m
mujmmil,m
anwar,m
gudya,f
jeba,f
nasibu,f
hanish,m
puspa,f
rajjoo,f
shashi,f
kalyan,m
shalig,m
jatin,m
batloon,f
sarad,m
versha,f
ranipal,f
madhvi,f
jotyi,f
neelajan,m
krishna,f
sukhram,m
chandni,f
nidhi,f
baljinder,m
jakir,m
bhanu,m
wasim,m
hury,f
manjesh,m
mam,f
rupan,m
jamna,f
janeshwar,m
jawed,m
zishan,m
sufiyan,m
nasrul,m
shivbhagvan,m
suhagini,f
aashma,f
shanker,m
mana,f
rajiya,f
vandana,f
kurban,m
matadeen,m
parveena,f
ramkish,m
nikkhar,f
sandhya,f
balwan,m
vikramjeet,m
shabanam,f
ritu,m
karmbir,m
rustam,m
shahna,f
niraj,m
rinku,f
kalyani,f
manphool,m
pawan,f
sangita,f
kumarage,f
rohtash,m
salesh,m
luv,m
dulari,f
nosi,f
kanchaniya,f
amarjit,m
satish,f
vaibhav,m
mahlikka,f
vimlesh,f
hemant,m
mudasar,m
jot,m
rima,f
riya,f
daya,f
roshani,f
sarafat,m
pappu,m
sher,m
jharna,f
anuj,m
raeeyan,m
tannu,f
kalma,f
shaheen,f
sakhichander,m
dashrath,m
meena,m
vaishali,f
ruchika,f
ranu,f
momina,f
shaving,f
pangita,f
koshlya,f
lateef,m
ramsurat,m
rupak,m
bhismpal,m
goverdhan,m
beauty,f
gulashan,m
golu,m
vikky,m
sabir,m
chhotudevi,f
rubby,f
sukhdevi,f
jaswant,m
rupesh,m
puja,f
manku,m
soonam,f
javal,m
tulsha,f
gautam,m
kapil,m
sultan,m
jayotli,f
naseem,m
bhatri,f
durgesh,f
mamata,f
bhola,m
kaushal,m
aarifun,f
dhiraj,m
gyandeep,m
dhan,m
babul,m
sushma,f
kanya,f
dhirender,m
gulfam,m
najubai,m
deepanshi,f
hira,f
gori,f
ishwer,m
chandermani,m
hawa,f
shayra,f
rohan,m
raghunandan,m
motolal,m
hawa,m
mojis,f
kumkum,f
girjesh,f
manu,f
bimla,f
useel,m
shil,m
asha,m
sone,m
sarswati,f
mohini,f
bhanweri,f
govind,m
harsh,f
birender,m
foolmati,f
aakash,m
gopal,m
moh,m
hukamchand,m
joginder,m
shivraj,m
ram,f
manita,f
mehboob,m
gurdeep,m
ankush,m
anantram,m
sawatri,f
maujim,m
haseena,f
satbar,m
bhrat,m
dilawar,m
vinos,m
disha,m
gufran,m
dhanwanti,f
tejpal,m
zenab,f
mira,f
jhingi,f
anchal,f
naseef,m
sadhana,f
aalam,m
balwant,m
imran,m
tulsi,f
vipan,m
jay,m
anushka,f
bhupender,m
serul,f
lila,f
faizal,m
prashanat,m
laldhari,m
shahera,f
sumit,m
pankaj,m
tinku,m
harishchandr,m
tahir,m
anil,f
afzal,m
hardeep,m
shahnawaz,m
minaxni,f
deyji,m
roobi,f
roshan,m
ashrabi,f
kala,f
toquir,m
nandram,m
shankarlal,m
prinsh,m
shekh,f
ashima,f
ramdyal,m
divy,m
avdesh,m
manimegla,f
nain,m
safe,m
harender,m
kashi,m
uma,m
neharika,f
yogender,m
upender,m
sahana,f
mubarik,m
balveer,m
tayab,m
taranjeet,f
kanahiya,m
farman,m
sabana,f
najis,m
adarsh,m
laxmikant,m
arfan,m
tuba,f
babulal,m
aklim,m
narbahadur,m
prete,f
rijvan,m
samreen,f
katyayani,f
khushabu,f
anjum,f
sukhbeer,m
sony,f
baleshwer,m
ranita,f
ramkanya,f
kudeep,m
huma,f
sashikala,f
lekhraj,m
esrail,m
shenaz,f
shadhna,f
mishrilaal,m
sahin,f
joohi,f
anamika,f
bunti,m
jagjiwan,m
waheeda,f
pradep,m
subhas,m
shanti,f
kulina,f
satnam,m
nikhleshwar,m
bhorelal,m
yograj,m
kistur,m
vikash,m
nanhe,m
khajan,m
urvarshi,f
shivam,m
saddam,m
utkarsh,m
nilesh,f
neeru,f
rvina,f
jugender,m
sukhbir,f
abhay,m
rishab,m
veerander,m
nitasha,f
santoshi,f
hararat,m
shobharam,m
bhuri,f
silpa,f
durgash,f
suhaliya,f
harish,m
hansraj,m
sithal,f
sashi,m
tara,f
kanika,f
sidhart,m
gita,f
nilofar,f
davender,m
rambiri,f
chanda,m
sohaib,m
gulabsha,f
kristina,f
rajkanwar,f
rupal,f
vidya,f
kamlajeet,f
spna,f
akhilesh,m
banshi,m
dharamveer,m
manorma,f
padam,m
jashgul,f
suhel,m
saurabh,m
asagar,m
shyam,m
sadiya,f
darshan,m
vinder,f
radhab,f
rukshana,f
raziya,f
trepti,f
beti,f
anmol,m
keshanti,f
kanisk,m
kirashan,m
rubina,f
pramatma,m
shekhar,m
tikku,m
ashwini,m
firoj,m
daveena,f
sitender,m
dolat,f
avi,f
man,m
laxmanram,m
urwashi,f
sawana,f
munni,f
tulsi,m
gajender,m
dropti,f
rajish,m
kulvinder,f
bina,f
manpritkour,f
jully,f
sabila,f
abhinav,m
mona,f
aamin,m
rajna,f
ranveer,m
sashi,f
bunty,m
buity,f
amol,m
dariya,f
nazreen,f
sujan,m
duni,m
dimpal,f
rahil,m
nagma,f
chandpreet,m
lakhwinder,m
mamchand,m
sarika,f
bobi,m
shahjadi,f
rajpal,m
chetna,f
aijay,m
razni,f
giri,m
ganesh,m
amrin,f
narender,m
gorav,m
kasid,m
sanita,f
aariv,m
vedprakash,m
shamrin,f
hemraj,m
partap,m
shilpi,f
ashu,m
gaura,f
sadhna,f
ekta,f
parmood,m
sakeena,f
rishi,m
tasleem,f
joholal,m
anish,m
aaliya,f
rajeshwari,f
farhan,m
bijander,m
rajat,m
gulreg,m
yameen,m
rukhsar,f
ragini,f
ramotar,m
chirag,m
irfan,f
tina,f
yasmeen,f
raghubir,m
jeeya,m
nasima,f
jaffar,m
ramji,m
imtiaz,m
kunwar,m
nadem,m
lakhmi,m
prachi,f
anchal,m
nathu,m
safiya,f
aftab,m
ameen,m
inda,f
robin,m
naeem,m
mansharam,m
tohmeena,f
moharan,m
parvti,f
wasimuddin,m
nayana,f
anusoya,f
phool,f
riyasat,m
himani,f
farida,f
chanderpati,f
chhanya,f
amrita,f
shobha,f
ahsan,m
bharati,f
radhika,f
udi,f
sima,f
panchi,f
sheela,f
baita,f
mustafa,m
krishna,m
nusrant,f
sundri,f
sheensar,f
sikha,f
jayanti,f
asiwani,m
kumar,m
zeba,f
konika,f
saniya,f
zaheer,m
rijakpal,m
meva,f
prabhat,m
madina,f
devanand,m
sunaina,f
inderpaal,m
jeenat,f
mrityunjay,m
mohar,m
karuna,f
parsi,f
purnima,f
tej,m
minitwa,f
hari,m
nitika,f
badri,m
sharmila,f
tausin,m
anjli,f
gahnshyam,m
darfasha,f
janki,f
leela,f
biru,m
munshi,m
sameeruddin,m
preetam,m
sagar,m
jasoda,f
karishan,m
jubeda,f
santna,f
mariyam,f
samim,m
maigo,f
anguri,f
taravaati,f
anjal,f
hema,f
tek,m
devi,m
shama,f
bilal,m
tool,m
dali,f
parvati,f
surat,m
dharampal,m
prahlad,m
beeti,f
anirudh,m
baikunthi,f
reetu,f
lovely,f
palak,f
sorav,m
mooli,f
sahida,f
ramwati,f
ratni,f
susila,f
bisto,m
tara,m
sadik,m
niru,f
varun,m
rina,f
ghantoli,m
tranoom,f
bhudhashen,m
parwati,f
rishabh,m
munia,f
kasim,m
santro,f
mustkeen,m
mumtaj,m
mohsin,m
yogeshwari,f
bhikhari,m
umesh,m
badrunisha,f
aashif,m
miraj,m
nitesh,m
jyoti,m
khemchand,m
kranti,f
dhurpati,m
bhupendra,m
azad,m
nazia,f
shankar,m
sahbuddin,m
shanu,f
nasim,m
sudhata,f
nijamuddin,m
aash,m
gattu,f
anjna,f
surender,m
sukrita,f
ravish,m
krashana,f
minder,m
sufiya,f
deu,f
furkhan,m
shree,m
bipin,m
sujal,m
jaya,f
dalip,m
khusbhoo,f
shahid,m
harana,f
shima,f
naseema,f
ronak,m
durgawati,f
muzamiil,m
archna,f
tapish,m
charnjeet,m
manbhar,f
gulfara,f
raees,m
adil,m
rahat,f
sahid,m
jon,m
pushpender,m
waseem,m
maushid,m
yaadram,m
navin,m
begum,f
lalaram,m
asfak,m
akash,m
amir,m
rambai,f
dhapu,f
mukiman,f
mala,f
bhuneshwar,m
pinkey,f
sameena,f
aafrin,f
baban,m
naim,m
sitaram,m
parvesh,m
dya,m
ithilesh,m
vijeta,f
jagbir,m
abhishekh,m
hukma,m
jaismeen,f
laxmi,m
deeksha,f
chinki,f
gulnanj,f
niti,f
chunnu,m
saziya,f
shlender,m
visvajeet,m
mandeep,m
nishant,m
kapiil,m
sudha,f
nikhil,m
kamlesh,f
manjit,m
bobby,m
jedu,m
chango,f
rubbi,f
milkhi,m
lal,m
tumpa,f
shgita,f
tarjan,m
keshav,m
saraswati,f
shadan,m
mannulal,m
arshad,m
saksi,f
samadhan,m
sakshi,f
unknown,m
sankarlal,m
raju,f
depander,m
pancu,m
hanuman,m
warnakulasuriya,m
deep,f
arati,f
horam,m
rimpy,f
shkuntala,f
rajneesh,m
aparna,f
sukhbir,m
kundan,m
tek,f
anjara,f
ravinder,f
sikandar,m
sethi,m
robi,f
aajam,m
jawhar,m
dharambir,m
liveri,m
veena,f
ganpat,m
sivani,f
jamee,f
chiranjavi,m
sana,f
shiva,f
sharmili,f
rukshar,f
simmi,f
rimzim,f
shaifali,f
nazma,f
radhamohan,m
gayatri,f
rozi,f
dhanni,f
gurpreet,f
meeta,f
jasina,f
hashrat,m
aatikun,f
gauri,m
sabnam,f
suhsmita,f
sheh,m
gulpacha,f
sarik,m
vijesh,m
nazrin,f
chandani,f
shalini,f
sahiba,f
vimala,f
devika,f
busness,m
shbana,f
mazhar,m
sajiya,f
chahat,f
firakat,m
bhim,m
prinkaya,f
khushi,m
manesh,m
konti,f
ghansyam,m
brijmohan,m
pawni,f
jyotsana,f
ladi,f
mehar,f
noorjahan,f
faiz,m
dharmveer,m
benay,m
gokul,m
mannu,m
forshan,m
vikki,m
kashis,f
sanaali,f
pallavi,f
anandu,m
malti,f
anamol,m
maina,f
minakxi,f
rajiv,m
dara,m
banwari,m
rencho,f
subodh,m
jalil,m
rithik,m
yashbir,m
pramil,f
shoiba,f
ashutosh,m
juli,f
rocky,m
roshini,f
divyansh,m
partima,f
bindu,f
tanjima,f
gurvinder,f
piryanka,f
akaash,m
jeete,m
devkali,f
sabna,f
tushal,m
aasif,m
kumari,m
deepvhand,m
neeta,f
jaimala,f
chandrram,m
mukhtaar,m
parven,f
kamini,f
shahin,f
misri,m
sajjan,m
rehman,m
shabina,f
muhmad,m
ajmal,f
nankesh,m
gulab,m
sameem,m
sintu,f
ujama,f
anisha,f
raghav,m
nanak,m
shahrish,f
ratan,m
sanni,m
phoolwati,f
harikishan,m
rajeet,m
kanki,f
kunda,m
suja,m
pravesh,m
chandracala,f
sahab,m
nek,m
kanti,f
peena,f
kiran,m
badami,f
khurshida,f
rakki,f
shadab,m
sheish,m
gutam,m
ashwani,f
sahna,f
rajkiran,m
sheak,m
lakshmi,f
radhey,m
dayawati,f
rahis,m
bodh,m
gurbachan,m
shimla,f
roji,f
maan,m
vikrant,m
mangat,m
sandeep,f
trilochan,m
deep,m
gya,m
lakh,m
ranjana,f
rakshit,m
shiv,f
kanku,f
lalmuni,f
badshya,m
susma,f
pavan,m
gurlal,m
sahbaj,m
sabbu,m
pawna,m
lilaki,f
subesh,m
ayasha,f
kishna,f
adityalok,m
injmam,m
usha,f
alk,m
anus,m
kirti,m
mahender,f
kamala,f
mustaq,m
sneha,f
tanushri,f
shekh,m
abhaysingh,m
riju,f
ravindar,m
khushnuma,f
jeetu,m
panchuram,m
nency,f
aanad,m
ruchi,f
kouchu,m
bijender,m
tapan,m
gendu,f
abishek,m
chappla,f
kaari,m
vinod,f
mamuni,f
jitendra,m
jaipal,m
garima,f
nirja,f
pratibha,f
ranni,f
barjraj,m
kaptan,m
saira,f
divaie,m
pandu,m
jimi,m
ranjan,m
penzin,m
bal,m
janardhan,m
smshida,f
abida,f
somanti,f
chetan,m
aardhna,f
srishty,f
bhuri,m
narender,f
premwati,f
chander,f
anjana,f
abul,m
jagmal,m
javed,m
koslya,f
rajnish,m
khubchand,m
makrud,m
sabeer,m
ranbir,m
himashu,m
prableen,f
chandra,f
kishore,m
santlal,m
deepti,f
inderjit,m
salmaan,m
nazahat,f
lakhvinder,f
aanand,m
ayush,m
kamar,f
sriniwash,m
sundar,m
gulfasa,f
dinkar,m
uganti,f
jaspreet,m
ratul,m
shkundla,f
kamta,f
lakki,m
aasmin,f
revndrshing,m
omwati,f
axat,m
parkash,m
chitra,f
chunni,m
babuddin,m
bagdai,f
shami,m
rajiq,m
amrik,m
almas,m
muneer,m
farvej,m
vivekanand,m
dhrmveer,m
dharm,m
sobha,f
rupa,m
joydeep,m
mahadev,m
ramrati,f
gordhan,m
manjeet,m
jhunnu,f
seva,f
ritunjay,m
paratibha,m
govinda,m
champa,f
teena,f
bhagirath,m
makan,m
dilbag,m
hasbul,f
komal,m
pram,m
tabwsum,f
vaishanvi,f
sobit,m
bhudhi,m
bhudev,m
akram,m
akhilesh,f
sukka,m
devi,f
rashid,m
chndrakla,f
avastha,f
reeti,f
lakhamichand,m
anup,m
sharib,m
aanu,f
manudeen,m
sujit,m
anoop,m
saroj,m
ranjit,m
dipika,f
dolly,m
soma,f
vinita,f
azim,m
priynka,f
nurjaha,f
subham,m
kaushar,f
nagaji,m
rennu,f
jina,f
pari,f
annavi,f
salina,f
sharshwati,f
chatar,m
naina,f
sahwaj,m
premi,f
shoyab,m
harsha,f
ashiya,f
dipali,f
sarmila,f
shahnaz,f
bitto,m
modh,m
ezaz,m
ramesh,f
archita,f
begam,f
nargish,f
narendra,m
shrawan,m
sumnesh,f
mony,f
kachan,f
zeenat,f
afshar,m
sarojni,f
tanjeem,f
sozi,f
sandha,f
mohanlal,m
dhanpat,m
mehnaz,f
anash,m
mamta,m
allaraji,m
vadhi,f
dwarika,m
devki,f
brinda,f
hanif,m
nittin,m
noorin,f
meghanath,m
sabeena,f
salmakhatun,f
sahrul,f
sunny,f
mool,m
lakshaya,m
raghu,m
mnoj,m
naresh,f
tane,f
vikki,f
hazari,m
shamim,m
asana,f
sajan,m
chandki,m
panmati,f
mithun,m
veenu,f
sidharth,m
najrana,f
kishansingh,m
rukmani,f
nipun,m
kelashi,f
samad,m
neraj,f
afzaj,m
ramsagar,m
bimlesh,f
shakuntala,f
dhramender,m
kasish,f
sajad,m
harshi,f
sarjeet,m
paramjit,f
parsnath,m
nitish,m
tilakraj,m
vi,m
amarjeet,m
yunus,m
shanawaz,m
malika,f
baliram,m
madanlal,m
aasish,m
manish,f
bishan,m
gagan,m
sidarth,m
tejender,f
sohni,f
hom,m
shila,f
yashodha,f
rukshan,m
nandita,m
anwari,m
nrendr,m
rajbir,m
jafruddin,m
puswa,m
kantil,m
natu,f
anupama,f
vicakha,f
aditi,m
jagan,f
aashiya,f
vinna,f
rajan,m
hitesh,m
sobi,m
bikki,m
saima,f
anjuman,f
kallo,f
muli,f
gulfsa,f
dabu,m
amar,m
aakil,m
hanshraj,m
padama,f
guldasta,f
amrika,m
shneha,f
ganita,f
basir,m
ritika,f
durgesh,m
mandira,f
guljan,f
subhdra,f
niraj,f
jagdeep,m
shaikh,m
harshit,m
mahinder,m
sanjna,f
fazin,f
jaynarayan,m
shanta,f
parem,m
akash,f
gomati,f
maneesha,f
shiva,m
abu,m
ramkesh,m
jang,m
jogender,m
imtiyaz,m
uma,f
shishpal,m
yasmin,f
vidya,m
sonika,f
rabiya,f
rukhsna,f
ajeet,m
shahgujta,f
ismaliye,f
chandini,f
dilshad,m
ajit,m
nahid,f
sayna,f
jashinal,f
sourabh,m
trilok,m
asanti,f
sujata,f
mishra,m
najara,f
sultana,f
vasuki,m
reeta,f
damini,f
saeshta,f
gaytri,f
mariam,f
pryinka,f
farukh,m
ramdev,m
jugani,f
amandeep,m
mahak,f
shajid,m
sanjana,f
surendr,m
yaksh,m
gunjan,f
rampal,f
akansha,f
nrotam,m
satyam,m
saleem,m
tasnim,f
rameshwer,m
samsida,f
bishun,m
mujaffar,m
fra,f
dev,f
pyarelal,m
bunda,m
sharjprit,f
udmai,m
gulsha,f
runiya,f
moti,m
sanoj,f
najo,f
aidtya,m
rambhool,m
moolchul,m
bhori,f
shilap,f
bhiki,f
brij,m
udham,m
kali,m
ramila,f
gulnaza,f
husain,m
mili,f
montu,m
buddhi,m
kmla,f
rizwan,m
rizwaan,m
subhagi,f
shriram,m
mum,m
meenu,m
daya,m
mukul,m
nana,f
manjoo,f
chanab,f
sisty,f
subrati,m
yasoda,f
mahjabi,f
gouri,f
araslan,m
mintu,m
saalu,f
mithlesh,f
somwati,f
manali,f
pholwati,f
bhahadur,m
momena,f
narbada,f
vishamitra,m
shakti,m
archan,f
mausam,f
phalguni,f
chhanoyar,m
shjad,m
marjana,f
dur,f
vaibav,m
julfi,m
vikarm,m
kawaljeet,m
turveny,f
bahalen,f
desh,m
pphola,m
viresh,m
fahad,m
shilpa,f
fahira,f
fhaishal,m
bhasker,m
mithlesh,m
yogita,f
shanawaz,f
srisuraj,m
pratha,m
tosif,m
ratani,f
ritik,m
toni,m
digamber,m
nibo,f
hasina,f
murari,m
jaivind,m
kanheya,m
saviha,f
ankit,f
rekhwan,f
badan,m
dimple,f
mehinder,m
gur,m
preety,f
noorjaha,f
paka,f
ashshwer,m
ranki,f
mati,f
rekha,m
rahmat,m
maj,m
shaukat,m
monish,m
annpurna,f
leelawati,f
karim,m
shabnam,f
mohmed,m
sanjey,m
kailash,f
kale,m
jasveer,m
zahid,m
jetender,m
mahraj,m
navdeep,m
birij,m
afsar,m
gurfaan,m
fazil,m
lukkad,m
agyapad,m
norti,f
sehbaj,m
bimlesh,m
mahammd,m
rinke,f
karshana,f
azmira,f
jorj,m
nazeer,m
versha,m
arsad,m
neetu,m
triveni,f
mangilal,m
abbas,m
alok,m
khushboo,f
prankur,m
gufraan,m
keshar,m
saroja,f
ushman,f
malkeet,m
jeeren,f
yasar,m
bahrat,m
laltesh,f
nizam,m
chanchal,m
lawli,m
avinas,m
vidhya,f
amida,f
yamin,m
anuraj,m
piyari,f
vironika,f
chitprit,m
tavvasum,f
halke,m
sazid,m
abhishik,m
nancy,f
hamza,m
kunden,m
durga,m
patras,m
jat,m
prabha,f
dhram,m
rehaan,m
bram,m
ramnath,m
vishvnath,m
noor,f
subani,f
vipin,f
ravindra,m
tirlok,m
ajab,m
dildar,m
sulochna,f
parveen,f
kushum,f
farheen,f
darshana,f
bhateri,f
gudia,f
ranjeeta,f
sweeti,f
rauf,m
marya,f
munnem,m
doodhnath,m
janwi,m
hazi,m
rachana,f
deewan,m
fara,f
parvinder,m
nimat,m
asgari,f
rajo,f
sartaj,f
shveta,f
ilma,f
sohail,m
bahvarkali,f
salu,f
ramvilash,m
prabhakar,m
kauva,m
ruplal,m
bulbul,f
sharinimle,f
nusrat,f
rakho,m
bhaddal,m
paramjeet,f
mhoomad,m
punkaj,m
ramjeet,m
manmeet,m
omparkash,m
harji,m
shavani,f
abhilash,m
shavitri,f
chakra,m
suhana,f
rajmani,m
amita,f
mehtab,m
akansh,m
navneet,m
sucheta,f
moolchand,m
geetika,f
shur,m
sanchit,m
rajider,m
papu,f
sohani,f
bali,f
vasim,m
mustikeem,m
chottu,m
inderjit,f
happy,m
krishka,f
shahbaz,m
rijwana,f
tanya,f
kriti,f
kirshn,m
minaksi,f
tulki,f
sammiuddin,m
krashna,f
sarangthem,f
sarojani,f
chinu,m
ashtha,f
bindvasini,f
rabhida,f
ilyas,m
yashpal,m
nabila,f
bindu,m
ashrfi,m
vishal,f
sushail,m
joyti,f
chintu,m
mumtaj,f
upasna,f
deena,f
ishwari,m
charnjeet,f
daman,m
deepa,m
dharmraj,m
bapu,m
sahajaha,m
nazani,f
vimlesh,m
sohnal,m
sarda,f
susanto,m
vishva,m
shetan,m
benjir,f
sheelu,f
neni,f
srimati,f
dharma,f
somi,f
avinash,m
abhisek,m
sugai,m
aas,m
batu,m
ruzina,f
rajkumaree,f
omprakesh,m
mahavir,m
firdoesh,m
imamuddin,m
kiranti,f
pramjot,m
shahrukh,m
shabbir,m
ibarhim,m
vidhi,m
nandita,f
ganga,f
ekata,f
shabila,f
shambu,m
baggusingh,m
kamil,m
reshama,f
bhagwati,m
attar,m
jigar,m
afsari,f
bahadur,m
saku,f
dhansinghpuri,m
rubee,f
aashis,m
foranti,f
khalid,m
sabiya,f
farha,f
shankuntla,f
saruf,m
nepal,m
tilakram,m
alamin,m
farhana,f
mahipal,m
ramu,m
rafeddin,m
bherav,m
sagiran,f
riyaz,m
nayan,m
wahid,m
luxmi,f
ugam,f
harwindra,m
devilal,m
amot,m
savreen,f
kala,m
anshul,m
joni,m
vedanand,m
garib,m
mumtaz,f
kanhiya,m
dhisa,m
sakuntla,f
sushmendra,m
joria,m
gopiram,m
bhura,m
angad,m
jittender,m
sukhdeep,f
kulli,m
gurupreet,m
faroj,m
simranjeet,m
resham,f
krishana,m
anjum,m
surbhi,f
jockyipai,m
kesha,f
shahnaza,f
naushad,m
rupendra,m
lakhua,m
sukhdev,m
mohseena,f
munesh,f
akbar,m
kedarmal,m
lalan,m
ramhetu,m
surekha,f
gulfasha,f
dal,m
palvinder,f
jahir,m
abhinay,m
beeru,m
shan,m
nirutma,f
ganeshi,f
chhotu,m
taruna,f
menakshi,f
chandar,m
sujli,f
barkat,m
janaki,f
shyad,m
affan,m
samir,m
asif,m
jamadar,m
najim,m
jafrul,m
jaga,m
asma,f
sharat,m
sehnaz,f
ishwar,m
sharee,m
jeet,m
santa,f
fulmiya,m
promila,f
vimal,f
schin,m
girraj,m
ashishi,m
ashlam,m
elvis,f
akkash,m
sahishta,f
ratneshwar,m
israil,m
kanchi,f
sanny,m
sukkhu,m
kartik,m
bhan,m
youraj,m
sagir,m
devasheeh,m
ruksar,f
gopi,f
basant,m
taiyab,m
azaz,m
hem,m
kabul,m
jasmen,f
pritee,f
kaleram,m
sarfaraz,m
ruchendra,m
susan,m
kalpna,f
sabnur,f
rajveer,m
preti,f
kamaljeet,m
asrf,m
deba,m
rihana,f
satbir,m
endrajeet,f
aakar,m
paryanka,f
sanjida,f
babalu,m
naryan,m
subash,m
bhupen,m
ashif,m
akhtari,f
dhodi,f
ghan,m
anuska,f
chetna,m
fiyaz,m
harees,m
labbhi,f
sagrika,f
shakar,m
banty,m
randhir,m
soba,f
chhagana,f
manver,m
aryan,m
kehkasha,f
foolmaya,f
pintu,f
gulfsal,f
hiri,f
baburam,m
raismi,f
sosri,f
kmles,m
tashnim,m
nazira,f
mehvish,f
jaishmin,f
jaykumar,m
poonam,m
indera,f
sakir,m
shagufta,f
tofik,m
rashika,f
majunew,m
bhole,m
shakti,f
rajendra,m
prameela,f
daljeet,m
elwin,m
gudiya,m
kailashi,f
shabir,m
bakila,f
sahil,f
methun,m
lasar,m
dhananjai,m
sanha,f
naval,m
kanhaiya,m
ehasan,m
surjeet,f
birju,m
ranjita,f
khairu,f
raveena,m
nikki,f
nausad,m
partibha,f
hera,m
bhavishy,m
prdeep,m
aanil,m
guluram,m
sahnaz,m
eldro,m
amin,m
vibha,f
chanderwati,f
ompati,f
kalpesh,m
nehal,f
mukund,m
kajol,f
gursimaran,m
samrin,f
arhiyant,m
pooranmal,m
sapana,f
anupam,f
suman,m
bajrangi,m
deepu,m
priju,m
alisha,f
dhreej,m
parkash,f
koyal,f
nishu,f
gulbhar,m
shahir,m
abhi,m
surgayan,m
sanam,f
minka,f
manikchand,m
bashudev,m
ahupendra,m
gendi,f
parmanand,m
lta,f
manjinder,f
harendra,m
vidit,m
ramkhilawan,m
injum,f
gani,m
arajun,m
sabbo,f
sahdev,m
pujja,m
beby,f
rajibul,m
sawati,f
malkiat,m
meharuddin,m
shital,f
not,m
pramila,f
nandini,f
gonsan,m
joycee,f
kamla,m
shana,f
taiyaybh,m
roop,m
fateh,m
jahani,f
barsa,f
chandi,m
izhar,m
bhagwanti,f
khadak,m
savia,f
udaiy,m
reemi,f
popinder,m
jenny,f
mohad,m
bhagay,f
sudarshan,m
vilram,m
ishawari,f
rajudi,f
sampat,f
rawana,f
sarthak,m
prashant,m
farid,m
gunja,f
ankesh,m
aayush,m
asmit,f
rajwanti,f
dhanpati,f
deepak,f
shyamwati,f
sushri,f
sohanlal,m
rashni,f
parjinder,m
geeta,m
dhawal,m
shiba,f
masuma,f
surendera,m
paramjeet,m
samman,f
sumnesh,m
jhoti,f
boduram,m
aarati,f
rajinder,m
mahfooj,m
dhramveer,m
jawahar,m
warish,m
sabreen,f
mudsay,f
sakib,m
vidisha,f
ompal,m
jisu,m
majoo,f
juber,m
jaiprakash,m
shakun,f
geetali,f
dholi,f
naulakh,m
arjoo,m
somil,f
amrit,m
devinder,m
twinkal,f
julfikaar,m
prakshi,f
aoosaf,m
asraf,m
dhan,f
jasleen,f
nirwat,f
taran,f
zameer,m
nabijan,m
sadab,m
angreg,m
sandee,m
menadevi,f
sarabjeet,m
kupooja,f
mandu,m
knheyalal,m
mukkesh,m
satwanti,f
sattaram,m
aysha,f
mainka,f
avnish,m
shamina,f
arunkumar,m
bacchu,m
damodar,m
kamre,m
budhi,m
amisha,f
meeno,f
baljeet,m
meharban,m
tipu,f
naimuddin,m
aashik,m
birma,m
mhendar,m
deva,m
sniya,f
shadhik,m
shoan,m
supyar,f
sarin,f
srita,f
snah,f
naushi,f
satyapal,f
pabitra,m
ranju,m
sarwesh,f
bhonu,m
chaya,f
amarmula,f
saurab,m
renuka,f
veerpal,m
birma,f
vivek,f
firoz,m
parkesh,m
khushbhu,f
subburaiyalu,m
bhanu,f
tausif,m
abhinandan,m
madhu,m
kadir,m
tinki,f
pardep,m
abrar,m
aamod,m
amil,m
ayushi,f
roopam,f
mitthun,m
dulichand,m
harnam,m
pankuj,m
saif,m
mholani,f
chandu,m
durgabai,f
rahul,f
paru,f
sumedha,f
jalaluddin,m
braj,m
udita,f
shree,f
jaswinder,f
amrjeet,m
lajja,f
dhrambir,m
philomina,f
murti,f
tirath,m
momin,m
huseni,f
kaishav,m
sarasvati,f
mitlesh,m
amart,m
birmo,f
rachnawith,f
tripti,f
narmda,f
naveena,f
jagir,m
ramjani,m
lakshya,m
irtu,f
nishar,f
naima,f
sivam,m
paro,f
viren,f
sai,m
astha,f
rahish,m
virat,m
vidhi,f
shahzad,m
kunti,f
aarif,m
ruhhena,f
monti,m
majid,m
fazulla,m
jannat,f
hamid,m
kamna,f
midhana,f
mena,f
devesh,m
sankar,m
geetanjali,f
frra,f
brijlal,m
anandi,f
dikshant,m
uttam,m
mamu,m
pushpendra,m
sablu,m
shani,m
mursida,f
sudershan,f
nemsi,f
rajkaranta,f
deelip,m
jiya,m
seetal,f
parnav,m
nekki,f
hoor,f
sahadeb,m
tosheeb,m
jacob,m
mandeep,f
birjesh,m
aajad,m
pinttu,m
druga,m
pitika,f
adesh,m
vickky,m
gafur,m
nosar,f
afrooj,f
said,m
harishankar,m
jai,f
jasmeet,f
meenaxi,f
alkha,f
anli,m
tuka,m
mahfooz,m
anoura,f
jagmohan,m
prakesh,m
nikhad,f
kanok,m
tanvir,m
parbhudayal,m
krisana,m
dayji,f
ombir,m
harkali,f
aazadi,f
shabi,m
navleen,f
pannu,m
mabiya,f
prateek,m
veejita,f
tamnna,f
abid,m
taufik,m
narander,m
nar,m
tanvi,f
purnmal,m
lavli,f
indra,m
hemlat,f
praveena,f
chandabai,f
viram,m
phul,f
yash,m
sarfraj,m
gagan,f
ashim,m
saaniya,f
rafi,m
yashin,m
beekar,m
mahboob,m
sira,f
kushagra,f
sweety,f
altab,m
dilshadi,f
prami,f
layba,f
heeralal,m
bishana,m
satendra,m
sahnabaj,m
shrotam,m
jhansi,f
marsi,f
hisham,m
subhod,m
bundel,m
islam,m
kaarti,f
mukeemuddin,m
mukhtyar,m
chumki,f
nidhi,m
najiya,f
omi,m
razida,f
mangta,m
mamini,f
manohari,f
vikesh,m
jainab,f
tavraj,m
shivkumari,f
montu,f
yogeshwar,m
ashish,f
amzad,m
ganpati,m
amanjeet,f
chand,m
julficar,m
sunder,f
alis,f
pachuram,m
nathu,f
gauri,f
mohardi,m
rajindre,f
vasida,f
tulsiram,m
shadna,f
indara,f
iqrar,f
rukya,f
ganga,m
shanbhu,m
hasnain,m
shokesh,m
bittu,m
dilsad,m
sukh,m
shakir,m
nashimuddin,m
tanu,f
kushmi,f
priyaki,f
devpal,m
sadip,m
rubeena,f
gurmel,f
ravinda,f
warmati,m
vishesh,m
jahgeer,m
shahnawaj,m
budh,m
sharadhha,f
sajmeen,f
mallika,f
majrula,f
munsi,m
shish,m
saveena,f
nanki,f
sharad,m
aabid,m
kushal,m
gurmit,m
hem,f
sandna,f
ramjan,m
nelson,m
gona,f
radhe,m
mayur,m
smarti,f
siksha,f
surajbhan,m
mustki,f
mehib,m
bhisan,m
gantantra,m
himansi,f
manshi,m
pareeti,f
pratima,f
suchi,f
rishu,f
ran,m
naved,m
ruksin,f
ahsamin,f
sukh,f
sohel,m
bhojpal,m
bheema,m
bishesh,m
kirshna,f
parshu,m
kripal,m
aanchal,f
bashanti,f
akil,m
sonali,m
istyak,m
sagita,f
mushkan,f
omprkesh,m
vijender,m
punarjyoti,m
ambika,f
shamshina,f
rajendar,m
lala,m
tapsya,f
mohsina,f
moti,f
himal,m
kundin,m
hitender,m
tajinder,m
parniti,f
satyender,m
lallu,m
sitra,f
najimuddin,m
dayavati,f
harbanschauhan,m
niwas,m
girwer,m
gurupreet,f
mangi,m
shanwaz,m
dharmvir,m
chandkor,f
amardeep,m
bivla,f
jaiwanti,f
fasrun,f
girija,f
sarif,m
jishan,m
gitika,f
prabhila,f
vindeshver,m
ansul,m
sna,f
chameli,f
anandwati,f
banu,f
jagdesh,m
dharma,m
kaif,m
priyansu,m
gladwin,m
vandhna,f
kabir,m
harison,m
navneet,f
tarannum,f
joyate,f
jaspal,m
samsuddin,m
rohthash,m
bachcha,m
banju,m
safik,m
arshla,f
rimmi,f
shanjhan,f
chhano,f
afjal,m
bhojaram,m
murli,m
santu,f
khshbu,f
kailaki,f
lokesh,f
netra,m
jincy,f
lakshay,m
krishma,f
noori,f
shayam,m
puspak,m
lakky,m
ankur,m
rohini,f
pushpendr,m
nutan,f
dushyant,m
prkesh,m
sarla,f
birmati,f
puspender,m
ramtek,m
shishram,m
shuman,f
omjone,m
rattan,m
sumemtra,f
poojadevi,f
ruvi,f
parvez,m
sudhansu,m
aanik,f
pamjeet,f
tarif,m
gyanendra,m
rathan,m
hanni,m
sararwati,f
munender,m
durvesh,m
ajmer,m
subjeet,m
jairam,m
deepika,m
shashwat,m
kalwati,f
dishad,m
abhinwav,m
jya,f
shakuntla,f
senthia,f
dhurv,m
gulbasha,f
valentina,f
tamanna,f
dvndavva,f
panchuri,f
shiena,f
balkishan,m
sudesh,m
hritik,m
aarav,m
arshi,f
saurav,m
shiraj,m
azam,m
yuvraj,m
khusboo,f
dipanshi,f
yasodha,f
susant,m
omesh,m
surjit,m
gul,m
ruchit,m
kooki,f
sharukh,m
kashif,m
rasmi,f
reshmi,f
sehzada,m
similata,f
uda,m
nabal,m
anno,f
hani,m
poneem,f
shabuddin,m
vakesh,m
rubbina,f
sajan,f
meeta,m
sazia,f
harpreet,m
panchhi,m
munesh,m
biitu,m
katwa,m
shanno,f
chosh,m
durjan,m
gulafsa,f
kajamuddih,m
bhagwana,m
aashiq,m
kirtiman,m
pharjana,f
manmath,m
arsh,m
sahab,f
taslima,f
suda,f
mohamad,m
parbhat,m
rajdulari,f
chanchl,f
pappe,m
samiya,f
devli,f
vipul,m
deepmala,f
malchand,m
kaleem,m
meethu,f
ugma,f
shanvaj,m
kush,m
maahi,f
tarun,f
aatir,m
satyawan,m
suraj,f
begraj,m
abdulla,m
vakil,m
sushela,f
sita,m
gangaram,m
shail,m
machhala,f
yoginder,m
nitam,f
virendra,m
chinta,f
jayantadass,m
shayana,f
nasim,f
hudi,f
partyush,m
parminder,m
sharmistha,f
gytri,f
ratikant,m
rama,m
sat,m
babudden,m
jasvindir,m
foranta,f
sanjeev,f
vineeta,f
samayddin,m
badal,m
sangeta,f
sangita,m
jagnath,m
daniel,m
baliya,f
halkuji,m
yashmin,f
tarawati,f
natasha,f
ankala,m
sama,f
akib,m
unnati,f
kehkasa,f
zile,m
dakch,m
asman,f
parsant,m
zakir,m
mansa,f
rakhila,f
geet,f
shashank,m
zuveb,m
santi,m
saranjeet,m
sukhwanti,f
pratul,m
akhtar,m
bhagwanaram,m
prabhjeet,m
nihalchand,m
farhin,f
aruna,f
goruav,m
girdhari,m
sukheeya,f
khursheed,m
heera,f
jainaf,f
bavita,f
sanand,m
menu,f
sajini,f
vansh,m
tajrani,f
satrohan,m
pramood,m
maalti,f
krishnal,m
jasvant,m
fatma,f
nannu,m
vahid,m
santram,m
anshika,f
sawitri,f
bhoop,m
hare,m
shirishty,f
tushar,m
sowar,m
kastoori,f
shivam,f
kela,f
tavinder,m
chotelal,m
choga,m
rahim,m
hemani,f
jagdambika,m
dauad,m
sevak,m
premsingh,m
somdath,m
ateek,m
ovaish,m
dhanna,m
shokat,m
shailender,m
natthu,m
khairti,m
beni,f
sunaki,f
randeep,m
henkhochon,m
deepansu,m
sulender,m
umedi,f
kaladevi,f
balvinder,f
nesha,m
fulo,f
rajendr,m
nazmin,f
baichan,m
saddiq,m
dhannu,m
nasreema,f
surindera,m
akshat,m
kismat,f
balbiri,f
ajay,f
hadarali,m
shabreen,f
harinarayan,m
chanpa,f
diti,f
pankajsheel,m
chetanya,m
rampaal,m
jarina,f
ravindr,m
genda,f
bhulaee,m
pitar,m
vashanavi,f
switi,f
idrish,m
yaswani,m
saridevi,f
inderpal,m
madhuni,f
tarnnum,f
raghuveer,m
sombir,m
tayab,f
hailena,f
amari,f
sanjeet,m
babbu,f
deendyal,m
joty,f
akbari,f
nazneen,f
hakimuddin,m
kuwarjeet,m
armita,f
rudra,m
twenkle,f
devasish,m
bhawan,m
muzaffar,m
prabhu,m
gyaan,f
dipti,f
narendar,m
jasveen,m
pushpender,f
janwi,f
bahwana,f
pushpan,f
amber,m
nasruddin,m
soni,m
repu,m
ayub,m
shatish,m
rafal,m
akram,f
hemleta,f
sohan,f
roshanlal,m
haneef,m
sehnaaz,f
naulesh,m
sanna,f
lakhe,f
nelam,f
marukh,m
samon,m
bindi,f
pampa,f
saheed,m
amreen,f
parvinder,f
balbeer,m
fharman,m
jakra,f
monini,f
keshave,m
deepu,f
hemavanti,f
hazrat,m
kashiram,m
faijal,m
kartika,f
satnosh,m
gora,m
rohaan,m
midda,m
jayoti,f
bhud,m
opendar,m
tanuj,m
gul,f
shakib,m
pyare,m
shashai,m
tarachand,m
swadhin,m
arnabjit,m
jiyaul,m
sansaar,m
ansal,m
bima,f
swata,f
gora,f
sekha,m
indal,m
rekhai,m
vashim,m
nikahat,f
deerendra,m
nandni,f
ramlakhan,m
kaamini,f
oma,f
avadh,m
megharam,m
ramdin,m
vijeta,m
imtyaj,m
shrimati,f
najis,f
shabi,f
any,f
sharwan,m
mamt,f
ruksaar,f
gopal,f
amritpal,m
prity,f
praveen,f
vishvanath,m
banwarilal,m
sahanaj,f
rehana,f
kohinoor,f
groti,f
khalil,m
jafrin,f
buhan,m
jagtar,m
shakina,f
dilish,f
mhega,f
udai,m
miha,m
javid,m
samina,m
noornabi,m
visan,m
nanni,m
ramaiya,f
himmat,m
naseem,f
disi,f
bulad,m
lada,f
panchma,f
kant,m
lakshman,m
imamudeen,m
bhuralal,m
soyam,m
manash,m
palaram,m
tapas,m
rabpreet,m
so,m
rasida,f
damanjeet,m
rinju,f
naisi,m
bhagwan,f
bhagipuri,m
dhani,m
ishatkar,m
shobhit,m
supriyal,m
netram,m
asruddin,m
haju,f
shailesh,m
narayani,f
neeli,f
taslim,m
sutiya,f
gajraj,m
munnawar,m
pryanka,f
rambhajan,m
shivangi,f
mata,m
krish,m
safiq,m
sany,m
dharamvati,f
ranpal,m
mahbir,m
rinka,f
shekher,m
balvinder,m
manbhari,f
rumal,f
kamala,m
poornima,f
wilkish,f
phol,f
tohseeem,m
vipol,m
nadir,m
nawab,m
shaulal,m
sarip,m
matbar,m
mehandi,m
bhavisaya,m
bachhu,m
kulwinder,m
ramkali,f
kesha,m
sri,m
babupuri,m
sakal,m
ishika,f
ramkishan,m
pool,f
ranjit,f
ramkumari,m
dharamveeri,f
adhish,m
geesa,m
gosia,f
gotam,m
arbaj,m
kaluram,m
sanwar,m
hassan,m
kachri,f
bhagat,m
lookman,m
sukjveer,m
chhatar,m
hira,m
taitra,f
shukla,f
sakcham,m
kirpa,m
naziya,f
jeesan,m
rohil,m
sorbh,m
jaskaran,m
sunita,m
noshad,m
mamraj,m
dhamender,m
phulbi,f
shika,f
sarwan,m
masheen,m
jaydurga,f
ashmin,f
ajan,f
shakuntlababy,f
neaha,f
phoola,f
latur,m
constable,m
lilabai,f
jalma,f
ajim,m
mohmad,m
mallo,f
lilu,m
mobin,m
sunil,f
sayda,f
maaya,f
pardhuman,m
siddharth,m
saahil,m
allabaksh,m
pemaram,m
arti,m
sintu,m
sahima,f
birgesh,m
manisa,f
pooga,f
umashanker,m
sahabudeen,m
rajjit,m
jaijairam,m
dular,m
nachita,f
kureja,f
phoolla,f
roopsingh,m
rupanjali,f
kosalya,f
lokindra,m
naroo,m
rampati,m
riyajudin,m
vyelet,f
sunarki,f
dwarika,f
tikaram,m
rajna,m
mangal,m
kamruddin,m
diwan,m
ghurul,m
samer,m
darkash,f
giriraj,m
shagufta,m
veepinchand,m
jewa,f
kumud,f
pravin,m
sajda,f
jagan,m
pahalwan,m
bushara,f
amasi,f
jisan,m
aatam,m
braham,m
manohar,m
girishi,m
mani,m
ganeshi,m
birbal,m
antim,f
rana,m
chetram,m
chhinderpal,m
yatharth,m
vipun,m
sakura,f
bhagchand,m
parmjeet,m
jamana,f
tasbiha,f
rajanti,f
nishu,m
maheshar,f
nooralha,m
phooleshwar,m
veerbhan,m
pratap,m
matul,f
prithvi,m
monupal,m
gyan,m
surya,m
chura,m
devki,m
rsjesh,m
shakeena,f
ashnu,f
kayum,m
sila,f
sumanlta,f
avfesh,m
nahar,m
rabin,f
umang,m
albaksha,m
roji,m
swarn,m
rahi,f
mastan,m
ravita,f
prami,m
chhoti,f
dorilal,m
dharmandra,m
jaiveer,m
ambiya,f
nazir,m
swatri,f
vashudev,m
nensi,f
sunali,f
ladu,f
sathya,m
syed,m
saveta,f
nashrin,f
etahsaam,m
pariksha,f
dolo,f
ajara,f
rahimun,f
ritesh,m
hetal,f
birtha,f
furkan,m
sajju,m
inayat,m
shohan,m
sunaina,m
tabassum,f
animesh,m
ishu,f
akhileshwer,m
vakeel,m
chhavi,f
rajina,f
jhamaku,f
khushbari,f
vithal,m
subhan,m
mahadevi,f
robert,m
hitlar,m
gandharv,m
priyak,f
hasmi,f
tilak,m
swapanesh,m
saiesta,f
osier,m
mandi,f
istyara,m
dila,f
foola,f
patender,m
amrudin,m
senser,m
sujata,m
noore,m
ajaj,m
girjesh,m
jagdiesh,m
bachu,m
nafisa,f
jagdamba,m
jugal,m
sahawaj,f
reenu,m
afrin,f
manjula,f
janardam,m
dayal,m
sehran,f
avinsh,m
prabhjot,f
jay,f
rohitash,m
dhurender,m
pokhar,m
mishri,m
bharu,m
sawrn,m
deepanshu,m
shamima,f
shamsher,m
darshan,f
mahfuj,m
atitaj,m
farmeena,f
rajesh,f
ramjanam,m
rukshan,f
sofali,m
amana,f
bhteri,f
chandreshwar,m
manju,m
istikar,m
ramvati,f
sayyub,m
moni,m
mustkeem,m
vidha,f
kulsum,f
siza,f
kareshan,m
ahmed,m
makbul,m
bhopal,m
mod,m
chaman,f
samsung,m
dhurve,m
ajeem,m
parmjeet,f
pushkar,m
sodan,m
jaidul,m
alema,f
shakeeb,m
sidharath,m
sarju,m
rajbeer,m
vijayta,f
rehmat,m
shalender,m
ramanand,m
ravikant,m
supriya,f
shampa,f
tohir,m
aswin,m
jasvinder,m
bagaram,m
meghana,f
shushma,f
rambha,f
shrinath,m
ramkaran,m
sahjad,m
mahud,m
minu,f
jenab,f
savir,m
asmita,f
rena,f
bironica,f
munajir,m
haseen,m
manjar,m
duraga,m
dishu,f
atanu,m
saksham,m
mujibu,m
samadh,m
julee,f
tepu,m
maninder,m
banti,m
masum,f
zaid,m
ladli,f
jony,m
priyanshu,f
lakshmi,m
vaseem,m
nirbhay,m
darshna,f
bhimsen,m
mohini,m
jinat,f
premla,f
seeta,m
liyakat,m
karina,f
kumail,m
isnesh,f
satan,m
janak,m
gulshana,f
peer,m
surender,f
ujir,m
mangla,f
nisar,m
chatter,m
karma,f
anchhi,f
anshu,f
sipra,f
surgayani,f
bhauk,m
jag,m
shidharth,m
nazmaa,f
rahil,f
aansi,f
souvik,m
chajju,m
chotibai,f
bhajan,m
ansar,m
najre,m
bhanwer,m
dipanshu,m
monti,f
barakha,f
akhlesh,m
chran,m
sheetal,m
siddarth,m
mahasingh,m
sajma,f
harjeet,m
lakhihadar,f
avneet,f
kartar,m
ujjwal,m
chanderbal,m
abhimanu,m
kokila,f
vihsal,m
naruram,m
devanti,f
shakuna,f
joginder,f
shreee,m
kawal,f
kulbhushan,m
bacche,m
lal,f
bidur,m
bijendra,m
jishant,m
shanaj,f
irshad,m
dipu,m
jasmina,f
mujefir,m
iram,f
bulet,m
rushali,f
sanjeevan,m
narmada,f
kamreen,f
akhatari,f
arzoo,f
saroz,m
supiriya,f
satyavati,f
titu,m
rambir,m
ashu,f
humera,f
prabhudayal,m
jitendra,f
bhudevi,f
aman,f
kushma,f
amuda,f
aashu,m
bittoo,m
tabbwum,f
mehraj,m
sumender,m
bobi,f
pinkoo,m
mithi,f
rubiya,f
aatif,m
harman,m
aaditya,m
sanjai,m
hari,f
alim,m
silender,m
sarwan,f
anta,f
tajmaha,f
guddo,f
benjeer,f
kavilash,m
umashankar,m
laliya,m
naman,m
dhirpal,m
hazara,f
kamjeet,f
rihaan,m
deepanti,f
shanichari,f
durgpal,m
khursid,m
maatwar,m
harprasad,m
reka,f
sparsh,m
durganand,m
satbir,f
galiya,m
omkar,m
miraz,f
raisha,f
mulina,f
rampati,f
murarilal,m
jayada,f
mercy,f
harjit,f
sinta,m
diwansi,f
susmita,f
nisat,f
saviti,f
sitare,m
chhantu,m
ansh,m
paul,m
sheru,m
sifa,f
nootan,f
chand,f
chtarpal,m
simren,f
shokar,m
samima,f
pandit,m
ujjam,m
kasumbi,f
sumant,m
rosan,f
marjina,f
narsingh,m
pramal,m
piroj,f
harkesh,m
rahila,f
jhumki,f
swami,m
moral,f
sukenta,f
jaanu,m
gulam,m
samit,m
oli,m
jeevan,m
lucky,m
sundga,f
rajkarnta,f
shalesh,f
nathani,m
nasrin,f
nijamudeen,m
mittopuri,m
jatinder,f
bunty,f
lav,m
aafreen,f
sachi,f
yadram,m
banita,f
meghashayam,m
chamanlal,m
sarju,f
shamshudin,m
sukhsohan,m
ramkiashan,m
kripya,f
suwadhin,m
yogendra,m
parbhu,m
grpreet,f
umesha,f
sufia,f
salama,f
sajni,f
sawarmal,m
silvia,f
shadik,m
abhinash,m
kaval,m
kausal,m
islamudin,m
amiri,m
priyansi,f
swetha,f
mahabir,m
rajdev,m
sazi,f
parvashi,f
kesri,m
badrealam,m
gulab,f
vashila,f
parbha,f
nanda,f
vude,m
vishu,m
sema,f
munnakumar,m
sagan,m
jarif,m
anayatha,f
pargat,m
harichand,m
zainab,f
sarah,f
alfiya,f
sahun,m
nanhu,m
gangadhar,m
arab,m
bangali,m
toshar,m
nisha,m
amuchla,m
papudi,f
najda,f
wazir,m
hagami,f
imaman,f
shasi,f
devendri,f
aisha,f
zhini,f
jile,m
dhukhu,m
babbi,f
majida,f
sikender,m
usmaan,m
raksha,f
zanmi,m
hemanshu,m
jahagir,m
mintu,f
chetanram,m
karamjeet,f
devender,f
mamoita,f
farhib,f
jaspreet,f
satveer,m
shankri,f
shahnabaz,m
hena,f
bajinder,m
kiriti,f
shoab,m
sugar,m
nabi,m
bilkis,f
narpendra,m
swaranjeet,f
preet,m
motilal,m
shyamveer,m
vazid,m
karshma,f
vikaram,m
saieman,m
ujjair,m
rishma,f
sahib,m
hyatun,f
tania,f
pano,f
abhishak,m
gollu,m
chandrika,f
urendra,m
haseef,m
annielal,f
wakar,m
pallawi,f
nanku,m
juhi,f
davinder,m
nazrana,f
vaijanti,f
dukhi,m
samoti,f
nihal,m
teja,f
akhlaq,m
jani,m
neesha,f
novisha,f
bechan,m
ilema,f
amrik,f
sarvash,m
santrm,m
vedehi,f
megraaj,m
goutam,m
sardhu,m
sugana,f
fozia,f
bhotra,m
rajkali,f
sudama,f
sundeep,m
ramveer,m
kamana,f
bhadur,m
pear,f
hakam,m
deepchand,m
mitali,f
parsanjeet,m
phirdos,m
sourav,m
sefali,f
shivani,m
bhagvaan,m
kalawati,f
nargesh,f
navnit,m
atif,m
neelkant,m
papiya,f
udit,m
sohib,m
omendra,m
dinesh,f
shaurabh,m
parsuram,m
magat,m
shobina,f
rihan,m
kamraan,m
gulran,f
shabbenour,f
bajrang,m
anshuman,m
aliya,f
jamnaa,f
rajbiri,f
rooshi,f
seeriya,f
pasanjeet,m
kalam,m
sameem,f
mali,m
najrin,f
dipendra,m
mehnaj,f
khima,f
naajim,m
cheddi,m
sorab,m
omparkesh,m
shayampuri,m
suma,f
used,m
simpi,f
manpreet,m
aishwarya,f
ishtkar,m
premnarayan,m
khusbu,m
hardik,m
tehmina,f
anamkhan,f
shreemati,f
maneesh,m
chnda,f
vinoda,m
gulsida,f
parathvi,m
sariq,m
aachal,f
sabba,f
amandeep,f
aasha,m
devik,m
madhan,m
praful,m
nandi,m
eliyas,m
sanjan,f
tharu,m
noori,m
sundari,f
babli,m
sazya,f
buchhi,f
namra,f
parash,m
chhabi,f
dikksha,f
garupal,m
jareena,f
mukaram,m
rubjaan,f
prashansa,m
anjan,m
mairy,f
iqram,m
manbai,f
jasveer,f
manisha,m
chhagan,m
pinkee,f
nikil,f
joy,m
israr,m
mayak,m
araddhna,f
jasbir,f
parmo,m
farhanaaz,f
fahija,f
patan,m
rangeeta,f
mahtab,m
riyazuddin,m
ajju,f
rajwati,f
raghuvir,m
satvir,m
sonam,m
dhruv,m
dineesh,m
muntjar,m
abhiraj,m
saweta,f
alpej,m
shafi,m
khashbu,f
aanya,f
baldev,m
harvindra,f
subhakar,m
amri,f
mithilesh,f
ramba,f
jolly,f
nawaz,m
mnyak,m
devendr,m
joity,f
ujamma,f
tauseek,m
sunarkali,f
inder,m
rupender,m
neeven,m
ruksar,m
sayara,f
vishakha,f
brijnandan,m
suraiya,f
sugodh,m
venkatswaran,m
antima,f
tunda,m
niksiya,f
juber,f
milan,m
lovely,m
musrat,f
lavtar,m
mehak,m
bhumika,f
avantika,f
laltia,f
jakh,m
keshar,f
bhuvneshwar,m
krishan,f
junl,m
rambarose,m
rupen,f
biwa,f
amrish,m
naval,f
radha,m
simarjeet,f
sudhdev,m
sehjal,f
habib,m
neesa,f
janvi,f
satyvrat,m
shardanand,m
gulsan,f
dipeeka,f
ankaj,m
ibraheem,m
khushnasiba,f
mandan,m
chitro,f
moona,f
fooljhnah,f
bhani,m
hariram,m
arindom,m
pravendra,m
mahrul,f
rayish,m
shumita,f
sahajha,f
nishal,m
jgdish,m
santu,m
tajwar,m
gamer,m
taramati,f
jarim,f
ikbal,m
naitik,m
meesh,f
faaija,f
laxami,f
bhiwani,f
ramchandr,m
rinukanwr,f
saizad,m
manbharbai,f
goldy,f
chando,f
sushpal,m
avdhesh,m
chote,m
perkash,m
amrit,f
dhamini,f
harprit,f
meenat,f
raseel,m
rozy,f
rimasha,f
lakhi,m
sahnaz,f
sabrajeet,m
harak,m
mukesh,f
sarabjit,f
mithu,f
nikita,m
nasar,m
sahista,f
aditi,f
abdullah,m
vitan,m
sawtri,f
kuparth,m
mishbha,f
vishwjeet,m
sajia,f
hansa,f
dakshina,m
sabrin,f
harbansh,m
sattu,f
sukesh,m
satrughan,m
mallik,f
mangelal,m
hanny,m
aditiya,m
lokendra,m
satyanara,m
shimran,f
amarnath,m
amba,f
shashibala,f
geetu,f
mehrunisha,f
shushila,f
tammanne,m
ikramuddin,m
amarvesh,m
saheb,m
nandu,f
marti,f
tisar,m
faujdar,m
surjiya,f
nenshi,f
rameswar,m
mosam,f
raud,m
gaytree,f
sachidanand,m
kudtusu,m
yamuna,f
sakila,f
brajesh,f
shabanm,f
bhavishya,m
alima,f
shallu,f
parerna,f
kadu,f
partik,m
ramdas,m
awdhesh,m
nisa,f
ramu,f
ashad,m
lok,m
baljeet,f
kitti,f
fanni,m
sirajuddin,m
san,f
aradhana,f
santara,f
pankaj,f
khubi,m
sidheswar,m
kirann,f
suminder,m
ghasiram,m
farmaan,m
anokha,m
bharma,m
samay,m
asmina,f
nimla,f
metily,m
biran,m
rajeswari,f
vishavkarma,f
ronak,f
ishu,m
manoish,m
keshav,f
ankeet,f
akhil,m
faizur,m
rajaram,m
syama,f
ramdevi,f
devashish,m
bishnu,f
jasbir,m
shathi,f
kesar,f
lali,m
selva,m
jiya,f
kumare,f
nirmaljeet,m
bupal,m
shoaib,m
indervesh,m
faiyaaz,m
ibrahim,m
bhawari,f
ayan,m
ameera,f
pera,m
asmat,f
shayma,f
jaisigh,m
alijan,m
faijina,f
preyojit,m
rashid,f
bijali,f
saud,m
hukum,m
balalia,f
labh,m
vanshika,f
kimmi,f
vickey,m
sompal,m
kishn,m
rantesh,m
mero,f
rame,m
geernish,m
himanshee,f
naina,m
adnan,m
tribavan,m
sohal,m
pabu,f
somesh,m
mikel,m
ramgopal,m
bharkah,f
saad,m
aarif,f
harinder,m
laxminarain,m
mogli,m
panku,f
faran,m
rusan,f
ramwatar,m
yashika,f
joga,f
budhu,m
indta,f
meera,m
premo,f
ramnihor,m
kuldeel,m
gyarsi,f
shazad,m
onginye,f
harimohan,m
nanagram,m
bheem,m
mesak,m
shano,f
sareen,f
khushal,m
rookmani,m
harshita,f
rajia,f
kanhaya,m
krishen,m
bhup,m
felicia,f
savan,m
aavesh,m
talvender,m
kalla,m
ranjan,f
aslam,f
farjand,m
rakeeba,f
sudan,m
mangala,f
ramvir,m
sabita,f
rakha,f
sahi,m
javuneesha,f
mazida,f
dipak,m
badnath,m
manjusha,f
miraz,m
sakchan,m
abhijit,m
taj,f
sabanam,f
ombeer,m
divansh,m
bhagya,f
sabeeha,f
guru,m
umakant,m
chhitar,m
prmod,m
jitendera,m
revti,f
surinder,m
yuveraj,m
ashik,m
godambari,f
manda,f
mohmmd,m
nijam,m
navdeep,f
manjit,f
shimala,f
pritika,f
nanhey,m
basanta,f
aamil,m
manak,m
aphsana,f
mohak,m
dakshya,m
shivnath,m
santo,f
firoz,f
parlad,m
harleen,f
juna,f
sally,f
jamaal,m
gyanwati,m
madho,m
jasim,m
shrikant,m
halki,f
akshit,m
usman,m
laskshita,f
mohatter,m
victor,m
khurshid,m
swagtika,f
parshotam,m
eshwari,f
fauji,f
bandani,f
viney,m
shayamveer,m
sohanpal,m
mangeram,m
jesmin,f
chandrashekhar,m
kanishakraj,m
ponam,f
rajeshwar,m
ekram,m
surajpal,m
nawal,m
dauji,m
laxita,f
thakur,m
bhag,m
anara,f
himanshu,f
zareena,f
pushapa,f
nishith,m
kailesh,m
rashimi,f
poma,m
kabal,m
viccky,m
nandi,f
dimpu,m
karisma,f
mukram,m
satyapal,m
shreeniwas,m
premkanta,f
laka,m
kishana,f
mohni,f
baksi,m
sukanya,f
yasmin,m
ujjawal,m
dulal,m
shaina,f
paramveer,m
mema,f
bikram,m
mobsheera,f
seeva,f
joyaa,f
sorabh,m
nabav,m
lavi,f
nuraish,f
amiraka,f
rahu,m
suresh,f
dilkush,m
hemuna,f
bhagirathi,f
rozina,f
moharan,f
nenhe,m
ishrana,f
tilk,m
dimpal,m
tony,m
indernath,m
poojavarsha,f
kaloo,m
har,m
manni,m
preyank,f
abhishiek,m
upendra,m
nimmy,f
kamal,f
sagufta,f
yasib,m
layman,m
badri,f
lakshy,m
varsh,f
akashya,m
aajiv,m
panchu,f
dhaniya,f
nazima,f
chotum,m
baby,m
akhtri,f
gopi,m
taar,m
jamna,m
kumara,f
pravindra,m
aahim,m
munni,m
laltes,f
nadu,f
daaud,m
muqhtar,m
rojmeri,f
udal,m
ishrat,f
ziyabul,m
mantasha,f
gyatri,f
baudi,m
azhar,m
kazal,f
shivji,m
ifteshyam,f
ranikhan,f
ghanshayam,m
seeba,f
arbaz,m
pari,m
rai,m
chootu,m
divaraj,m
himansu,m
ramjas,f
utpana,f
ladakunvar,f
selars,f
baleshwar,m
malvika,f
bhakuni,f
shazida,f
mamanbai,f
samvedna,f
kashish,f
rituraj,m
sabenoor,f
sarshwati,f
sadur,m
riyajudhin,m
nadaim,m
mookan,m
kalla,f
jagjeet,m
master,m
lakhya,f
mjudi,f
kamalkishore,m
sirjna,f
adersen,m
punita,f
shahruf,m
iswer,m
yamini,f
ajmit,f
kaish,m
chanchala,f
sham,m
asarfi,m
gurmeet,f
manti,f
subramani,f
zaki,m
nainshi,f
maisan,m
shahnwaj,m
baleshwari,f
samundri,f
mahkar,m
bilke,f
amina,f
yaqub,m
alina,f
sateesh,m
abash,m
ramprasad,m
koshalya,f
ratmo,f
harneet,f
bholi,f
mankuri,f
rinka,m
sayana,f
kiniya,f
ish,m
gomti,m
shanty,f
kamesh,m
dharmbir,m
shikha,m
shalid,m
badrudeen,m
nimahe,m
yashsvi,f
bhanupriya,f
naveeda,f
ramdhani,f
shailash,m
sahdab,m
asi,m
vashu,m
seema,m
sivhani,f
shyama,m
roopnarayan,m
chandan,f
meetu,f
prati,f
sahabbudin,m
sandeepa,f
sinil,m
dasharath,m
aagad,m
puneeta,f
gaitri,f
dhalchand,m
taushif,m
tarbez,m
noman,m
tohid,m
tunni,m
farhaja,f
zafar,m
kedarnath,m
dimpy,m
haridutt,m
mushir,m
ishawar,f
afrina,f
asrani,f
saida,f
goldy,m
satayanarayan,m
kuntesh,f
satosh,f
zuber,m
nilu,m
mohinuddin,m
nithyanandham,m
vikshi,f
kusham,f
shahnaj,f
leo,m
jacky,m
shubankar,m
udesh,m
vinit,f
sudershan,m
hasim,m
amijan,f
kalpeshwari,f
shanu,m
vijendra,m
pragati,f
sanjay,f
jhanjhariya,f
inaam,m
musarrat,f
zuhaib,m
megh,m
fakiri,f
sam,m
sejan,f
amarjit,f
silpi,f
dilbar,m
yashdhra,f
nazirul,m
divakar,m
gurmeet,m
taki,f
rajo,m
jadu,m
phoolo,m
captain,f
jhalla,m
rammurti,m
vashisast,m
rudmal,m
lalita,m
husna,f
ramphal,m
chandesh,m
nayeem,m
mamtha,f
shelly,f
sapna,m
nayna,f
lakhbir,f
kmo,f
dhrampal,m
rijul,m
anwari,f
bandana,f
tasmina,f
vikjay,m
pallvi,f
sunitha,f
chandrakala,f
vimukt,m
prhalad,m
patik,m
danista,f
mehphal,m
skunatla,f
yadho,m
nakul,m
minakumari,f
charanjeet,f
sishpal,m
shubhm,m
nagender,m
bansi,m
sukhmit,m
dalima,f
mathura,m
kushbu,f
pirmika,f
meenakashi,f
irsad,m
harbir,m
feru,m
mh,m
shqakuntla,f
saifali,f
permeshwar,m
libin,m
jameer,m
samaiali,f
sabhana,f
simran,m
saheen,f
gila,f
aaqif,m
dharamender,m
parashram,m
neeti,f
aabida,f
mithilesh,m
samiksa,f
jassi,f
rajeshvr,m
rajam,m
sarfaraj,m
kalish,m
bakhtvaar,f
swaliya,f
saveroon,f
hamim,f
shaloo,f
ahshan,m
nikky,f
incee,f
sourab,m
bhaggo,f
basibul,m
tejvir,m
kisori,m
nwed,m
moinuddin,m
niranjan,m
kusuma,f
sabhya,f
raminder,f
aadil,m
sagit,f
kalavati,f
phulkana,f
shittal,f
ajnabi,f
jaslin,f
sukar,m
tazaudeen,m
bhemji,m
sadhna,m
shahnawaj,f
irsad,f
snjana,f
kauslender,m
rakhi,m
vansu,m
bhrkat,m
meti,f
rupi,f
ruckmani,f
ajad,m
smriti,f
rajeena,f
bigan,f
grace,f
maksud,m
gurubaksh,m
sumentra,f
murshida,f
dharmendra,m
gyan,f
vesali,f
taniya,f
naveela,f
gulnaj,f
chom,m
arvinder,f
sosan,f
rema,f
ishita,f
binja,m
pammi,f
buddha,m
samar,m
fareeda,f
chanderkali,f
yusaf,m
prasanta,f
tulsa,f
ashanjali,f
budhram,m
aashu,f
yesh,m
anupriya,f
cheete,m
manosh,m
devindra,m
reshami,f
akhlish,m
muzmil,m
mehbob,m
dhapoo,f
tamana,f
dhara,m
hasir,m
madam,f
ridhakaran,m
sarmeela,f
indresh,m
jumrati,m
tajuddin,m
kamleshwar,m
vaid,m
jameela,f
kanta,m
sabbar,m
rubey,f
nirvat,f
ruji,f
uagantaxra,f
ameer,m
sinaa,f
prezi,f
dhrama,f
shahboob,m
karmi,f
gulwasha,f
shaboob,m
musmi,f
rinkal,m
lushi,f
hemanti,f
kanak,f
mairi,f
suryanath,m
para,f
partab,m
pinku,m
daulat,f
sehjamal,m
tejender,m
bake,m
tajinder,f
apsana,f
lavish,m
ziarul,m
aksha,f
samiron,f
gyanender,m
nizamuddin,m
ishan,m
ganesi,f
morki,f
yogendr,m
bhalaram,m
puspendar,m
gulshafa,f
asiya,f
jafar,m
jenifer,f
sandhaya,m
tripta,f
istkhar,m
sunayna,f
mansoor,m
swati,m
santi,f
jiwan,m
anaro,f
jhuhi,f
manuja,f
guruvachan,m
prayatan,m
najarana,f
ashiqu,m
lalu,m
deepender,m
shimpi,f
sumanthra,f
gulshtab,f
dil,m
aamna,f
amirul,f
fauina,f
tarunnam,f
ajra,f
rani,m
adisan,m
ajnoor,f
rubo,f
pabu,m
ruka,f
mudsir,m
kesnata,f
moin,m
sidhant,m
rizvana,f
joya,f
gruchran,m
veeri,m
sarvesh,f
arnab,m
deni,m
aadish,m
rajend,m
savrin,f
kohinoor,m
rosina,f
parmeshwari,f
maheswari,f
chandrawati,f
sadabkhura,m
rehmati,f
dibya,f
shispal,m
jaibhagwan,m
aishe,f
dharmendr,m
sushila,m
panchoo,f
mahmun,f
wiresh,m
tyara,f
tej,f
vedh,m
aasma,f
ayube,m
mandvi,f
harvans,m
gurpreet,m
anshu,m
rada,f
amratalal,m
firtu,m
ragib,m
naviya,f
munna,f
wali,m
gyanu,m
krishn,m
brajendra,m
ajkati,f
harbinder,m
sujeet,f
sukmani,f
varda,f
minakchi,f
sital,f
sarwitavm,f
kanhaiyalal,m
shefali,f
smradhi,f
kamlash,f
harry,f
dhaneswar,f
sangit,m
bhure,m
rajit,m
rupender,f
chunaram,m
chama,f
kusumakar,m
ashan,m
ragina,f
dhanjay,m
amarapal,m
allauddin,m
kamakshya,f
hazra,f
anekha,f
bidami,f
bansilal,m
siwam,m
jitan,m
mukhtiyar,m
nagendra,m
sarkar,m
ravena,f
devya,f
sahgufta,f
shankar,f
dalpat,m
prafhool,m
aakanksha,f
payana,f
rudhra,m
jarnail,m
maqsood,m
dhmendar,m
harmit,f
pragti,f
papuu,m
patric,m
denesh,m
kesav,m
puskar,m
dhaney,m
sajana,f
bhagvati,m
bhanwar,f
shanaz,f
faruk,f
faraz,m
bhavesh,m
shah,m
sanoshi,f
faizan,m
alhamdi,f
khasbhoo,f
aazad,m
talib,m
jhuma,f
shahiba,f
verendra,m
yashwant,m
rambrij,m
sibanaz,f
alma,f
khush,f
rosy,f
hajrati,f
rambhul,m
nathuram,m
yogesh,f
rahimuddin,m
rafat,f
jayshing,m
dharvesh,m
vahab,m
nazama,f
gajla,f
peenu,f
kingkar,m
safia,f
gordhanlal,m
chhidu,m
gouri,m
khusbhu,f
nasiar,m
bada,m
paramjit,m
ravinath,m
kisan,m
nurbi,f
raisingh,m
anadi,f
lahida,f
neema,f
angoori,f
dilshana,f
muslim,m
ballu,m
saista,f
bhatari,f
bhagwat,m
aktab,m
anshul,f
rijwan,m
najreen,f
ketan,m
nameeta,f
subhagya,f
asharam,m
vasu,f
afroz,f
vineta,f
roshanara,f
gurmit,f
salima,f
jatan,m
sazmin,f
pervez,m
muslima,f
dilsah,m
sube,m
vichitra,m
ramniwasj,m
jebi,f
pariti,f
dhermendra,m
nafe,m
harvansh,m
gurmala,f
raheesh,m
trilock,m
parhalad,m
bandu,m
jaskirat,m
tahira,f
premlata,f
tolaram,m
jasvinder,f
jauli,m
chotti,f
divy,f
pista,f
mahindra,m
parashu,m
rishu,m
danveer,m
shoukat,m
roma,f
sajruddin,m
paramdeep,f
ramjanki,f
amena,f
srikant,m
awshin,f
maanmati,f
hasibullah,f
anubhav,m
anupuma,f
rajshree,f
aasa,f
lalidavi,f
shkil,m
jaiguna,f
muskaan,f
anusuiya,f
dilkhush,f
riti,f
bhanvar,m
shakashi,f
juhewuddin,m
bhuwan,m
teenu,m
sidh,m
farjanul,f
tapas,f
nicharon,f
succha,m
tulshi,m
chinku,m
sirish,f
yaman,m
mandothi,f
alita,f
noorpa,f
husina,f
nima,f
kishmat,f
satvida,f
merry,f
gurucharan,m
ganpatram,m
sadre,m
firasat,m
kashmir,m
lakshit,m
harinder,f
chabi,m
priyaka,f
jeetram,m
dumani,f
sarain,m
radhesayam,m
jagpati,m
shaitan,m
shabbo,f
kuso,f
satyaprakash,m
munjira,f
jomiya,f
pammy,f
imtyaz,m
gangabal,m
sushil,f
chancal,f
chnada,f
nipam,f
vishanu,m
tamana,m
rup,m
lilavati,f
shyani,f
anuu,f
rajvi,m
tanish,m
khanchan,f
mujahid,m
jamuna,f
noorjhan,f
arifa,f
alam,m
gambhir,f
aashi,f
kheem,m
pawansingh,m
ramender,m
saral,f
bachheshwar,m
abbal,m
shsi,m
rafikan,f
deen,m
mhosin,m
arjina,f
lovly,m
bhushan,m
anaji,f
marium,f
gurbax,m
veerendra,m
deepshikha,f
tapsyum,f
tisha,f
tak,m
babbli,f
janky,f
yespal,m
twinkil,f
javitri,f
barj,m
ammar,m
mukeem,m
dolley,f
rupinder,m
badi,f
kajar,f
aravind,m
faimuddin,m
radat,m
pyari,f
anzum,f
rahina,f
nagia,f
bitto,f
njare,m
aasim,m
fiza,f
swapam,m
chela,m
kamrulnisha,f
ibraham,m
charanjeet,m
manchan,f
limca,f
raghbir,m
riyajul,m
kosylaya,f
anupam,m
sahna,m
ratn,m
shelesh,m
ramdhan,m
veshali,f
gulsher,m
insaf,m
rampayari,f
roopali,f
vaishali,m
awdesh,m
akkni,m
sanat,m
nasira,f
sharuna,f
aesha,f
neelachal,f
papa,m
murad,m
noora,m
chandeshwar,m
raja,f
gulfan,m
natha,m
inkoo,m
sheenu,f
sus,f
sujanti,f
mudssir,m
shabbi,f
ali,f
lokender,m
tanuja,m
bhawani,m
kanda,m
hardam,m
amba,m
garsh,m
dishant,m
dwarka,m
daljit,f
rishiraj,m
javade,f
milap,m
almina,f
raviraj,m
mustfa,m
rajlaxmi,f
budho,f
ragni,f
janam,f
jamad,m
jhunna,f
phoolwanti,f
anjani,m
premawati,f
umme,f
naseeba,f
lashma,f
hukam,m
chanderpal,m
sabra,f
karandeep,m
molu,m
sushhmita,f
rma,m
anoopama,f
dhananjay,m
bholaram,m
girishchandra,f
lakhami,m
muntajar,m
yadvir,m
jalwad,m
junaid,f
sumoranjam,m
gyarsi,m
sufian,m
anurudh,m
mahendar,m
love,m
rashab,m
imsaan,m
jhawar,m
manni,f
rinkoo,m
ramfare,m
brijpal,m
japneet,f
salupa,f
gali,f
aktri,f
tabsum,f
simabharti,f
long,f
deou,f
prsant,m
minkashi,f
veero,f
sadabrij,m
bhram,m
sujen,m
nilofer,f
lalchand,m
janmesh,m
laukush,m
nooruddin,m
zoya,f
sera,f
mangla,m
mantosh,m
dixya,f
lakhu,m
tiwnkal,f
mani,f
vajid,m
yaqoob,m
balak,m
shela,f
umlesh,m
sitar,m
gorv,m
aleesha,f
prempal,m
tapender,m
manmeet,f
aejaz,m
armaan,m
akif,m
albina,f
srheeram,m
moshri,f
avtar,m
chanderkanta,f
nayamati,f
salmam,m
chitrangan,m
sooraj,m
durgalal,m
sehnaj,f
koilu,f
gaffar,m
shorav,f
rini,f
adi,m
shivprakash,m
jalsingh,m
rakkibhul,m
fornta,f
devideen,f
neeshu,m
ajmeri,f
amkit,m
bajulal,m
gurdeep,f
sainky,m
shusila,f
mousin,m
foolwati,f
bindiya,f
saahin,f
afsha,f
fakiha,f
veronika,f
kirodimal,m
madhubala,f
amrta,f
irshrat,f
shivcharan,m
navjat,f
lucki,m
musra,f
gotiya,f
kirshanpal,m
virpal,m
phakir,m
sahistha,f
shkur,m
ladla,m
jamil,m
hongsi,f
najni,f
seelam,f
mihir,m
fareem,f
fareen,f
choti,f
rukiya,f
suganti,f
deepi,m
nila,f
hajari,f
sukul,m
subhadra,f
bhuli,f
mousam,f
hiramani,m
munnu,m
fakerey,m
mustkim,m
mota,f
ntasha,f
hemraj,f
raishma,f
kunj,m
vandhana,f
mukti,f
jeeshan,m
dhakha,f
vasiya,f
sudhama,f
jeta,f
nini,f
deepaak,m
abhilasha,f
sasibala,f
soyab,m
sangeena,f
ramswaroop,m
samiksha,f
mukhtyar,f
husno,f
parmodh,m
samya,f
viplo,m
parkashi,f
gauravgil,m
makhan,m
baidnath,m
shelender,m
rameh,m
diljan,m
ashsish,m
vishnu,f
tahseen,f
son,m
shadhana,f
frjana,f
chitu,m
subhapal,f
sehdev,m
bhima,m
veenita,f
shine,f
kusumlatta,f
prameshwar,m
satyadev,m
same,m
anshita,f
sarbash,m
jisaan,m
jayda,f
ramsingh,m
vrendra,m
gango,f
husiya,f
amie,f
suneta,f
sona,m
liladevi,f
iswar,m
kalapana,f
dhakhadevi,f
hammad,m
nanu,f
saimun,f
razim,m
hiten,m
mansha,f
traun,m
paramshela,f
keshri,m
umma,f
sapan,m
budhan,m
homa,m
magla,f
prinkya,f
kaushar,m
mamata,m
shamim,f
hifjul,m
sukshana,f
hoti,m
kaushalya,f
bhabhav,m
aastha,f
indrvati,f
emilia,m
gurvinder,m
parvin,f
gajwanti,f
rambharos,m
milka,f
hurji,f
lajjavati,f
fuli,f
sanjoh,f
atiq,f
shabnur,f
manvi,f
nischaya,m
ramsem,m
gurnam,m
priti,m
jantarpal,m
kifayat,m
jaquir,m
punnet,m
satnarayan,m
sanoj,m
zamile,m
vidhavati,f
maksood,m
rimjhim,f
varisha,f
hasmita,f
mithu,m
laltha,m
daksh,m
meela,f
reddy,m
saroop,m
khairul,m
anjeev,m
hanja,f
nandu,m
shanah,f
tufail,m
uganta,f
nanka,m
raisuddin,m
ravidutt,m
gandhi,m
sunpreet,f
firdous,f
kishnaram,m
mohan,f
sushama,f
sidhi,f
sarita,m
saket,m
fitrat,m
satu,m
mitthu,m
binani,m
mithelash,m
mamuna,f
bhartendu,m
satya,f
mega,f
rajl,f
sehzad,m
sahnaj,m
subhodh,m
laja,f
noomi,f
santok,f
ajahar,m
nej,m
tanvir,f
jaidev,m
punit,f
trijugi,m
bhura,f
kumresh,m
gawri,f
binnu,m
choturam,m
pushpa,m
sajida,f
baam,m
vishvash,m
dilvar,m
manormapal,f
pulkit,m
mukish,m
amreek,m
naraini,f
bipnesh,f
shukveer,m
vishwanath,m
farana,f
umda,f
mem,f
sugandha,f
poga,f
gappu,m
nanveet,f
jhaban,m
rippi,f
santra,f
ilesh,m
minaxi,f
sahar,f
bittan,m
karima,f
munbura,f
fazaley,m
dhola,f
redhema,m
goldi,m
nanu,m
mast,m
yusuf,m
nazmuslam,m
father,f
shivyalam,m
kushamvir,f
hazira,f
dolat,m
nanshi,f
gulsana,f
aru,m
surja,m
shahvaj,m
fida,m
munny,f
talim,m
pancham,m
omparsad,m
muskhan,f
lekose,m
safina,f
durgashankar,m
channu,f
chuni,f
kulwant,m
sinder,m
rainu,f
sarsawati,f
jubaira,f
nida,f
yeshpal,m
latesh,m
ratnesh,m
mooldan,m
firoj,f
manit,m
suriti,f
ramdulari,f
sawan,m
tafsir,m
marshilah,f
dipansu,m
amritha,f
omveer,m
sikander,m
ilayat,m
samser,m
avnit,m
nirjla,f
shib,m
khasti,f
narayn,f
hamida,f
uzma,f
amarawati,f
la,m
namarta,f
meenaz,m
saranthem,f
givinda,m
shailja,f
bundhu,m
rahnuma,f
anjrej,m
lad,f
siddhi,f
alseepa,f
navi,m
khuma,m
farhanaz,f
gargi,f
nasrudeen,m
rashma,f
ramsawroop,m
punia,m
baga,m
badru,f
ansu,f
shaymu,m
jahirul,f
yukilal,f
husainpreet,f
aaradhana,f
jyoty,f
ghaseeta,m
keta,f
shruti,f
nesha,f
cosmic,f
heeera,m
ishant,m
sardeep,m
iarfan,m
asgar,m
honey,f
versa,f
sen,f
monam,f
prabhjit,m
noreen,f
mona,m
omperkash,m
fazaz,m
tameezuddin,m
navjoot,m
taseem,f
afridi,m
shukramani,f
anandi,m
kangana,f
amarchand,m
anshiya,f
hardas,m
akilesh,m
kuldeep,f
karansingh,m
salauddin,m
dharmshila,f
amrat,f
ariba,f
chhaya,f
saru,f
jankraj,m
rvindra,m
kavit,f
bhagvati,f
faizudeen,m
piyus,m
shamshad,m
mager,m
lukman,m
suchitra,f
aphasana,m
sabi,m
murjina,f
salni,f
suchit,m
varsha,m
sarvjeet,m
tulasi,f
bintu,m
aarju,f
radesyam,m
maha,m
dhrampla,m
mayuri,f
ramavtar,m
wajuddin,m
sarvan,m
pritibha,f
prannab,m
mula,m
kalayan,m
daler,m
sahajad,m
suraja,m
chhabil,m
dord,m
firida,f
tundiram,m
girijarani,f
maryam,m
megharaj,m
mehruddin,m
hardass,m
kavit,m
badarjahan,f
rahisuddin,m
raghubeer,m
vibhuti,m
saran,m
chhamo,f
sahina,f
pryanika,f
virnit,m
sarbjeet,m
lilima,f
tanmay,m
shubhan,m
ramulu,m
sumirta,f
murgesh,m
haliya,m
manka,f
sheikhsai,m
lave,m
bagwan,m
azaruddin,m
digvijay,m
aayana,f
khimanand,m
sonaki,f
parteek,m
sokat,m
nasir,f
taleem,m
dabbu,m
shaira,f
husnara,f
zina,f
sandiya,f
somdevi,f
bushra,f
asfaq,m
adalat,m
koyali,f
motiya,f
samra,f
ashiya,m
gulafshan,f
patasi,f
ashraf,m
shayna,f
shahib,m
babloo,m
sangeeta,m
pavnesh,m
areen,f
mahzbin,f
altmash,m
birpal,m
gunanidhi,m
joshna,f
bhawani,f
rukhar,f
tekchand,m
mohanram,m
sudhanshu,m
koushik,m
manful,f
dhurav,m
chhotelal,m
pransis,m
visham,m
jhagdu,m
beera,f
klash,m
kishan,f
kafia,f
ekamjeet,f
gaffur,m
rimpi,f
aamosh,m
shahina,f
anikt,m
sonal,f
adiba,f
haliya,f
memraj,m
rakhee,f
shravani,f
bohati,f
ijhar,m
masoom,m
bidhya,f
veerpal,f
samsher,m
vanshu,m
siwani,m
sukhlal,m
maadhuri,f
whied,m
baijnath,m
sumaila,f
jism,m
goopi,m
sonyi,f
chiddu,m
nand,f
raniya,f
abhaki,f
dumnik,m
shilly,f
hanumanram,m
shma,f
shahzadi,f
muksndi,m
susri,f
amrooti,f
niranjan,f
tabasum,f
fija,f
gagandeep,m
tavrej,m
galu,m
yoshoda,f
sumalia,f
mangubai,f
sampat,m
majidunisha,f
vipasha,f
mahnatha,m
karunakar,m
tinvkal,f
lilaram,m
anikesh,m
jumman,m
barjesh,m
awedhesh,m
mahvish,f
shaila,f
kirshna,m
richaraj,f
basanta,m
lakhvinder,m
harib,m
bobbi,m
syham,m
madhwi,f
iqra,f
kokil,m
shivaji,m
tassadul,m
stephen,m
jaichand,m
bhim,f
kashish,m
mubshshira,f
pal,m
kalpna,m
ramsati,f
deepali,m
garv,m
aanamika,f
chtar,m
papp,m
vidyawati,f
sarafraj,m
fulki,f
rebecca,f
nahida,f
sanaullah,m
arafaat,m
khooshboo,f
ajaypal,m
jhagdoo,m
munmun,f
rajeswary,f
satwander,f
annat,m
shajiya,f
nursa,f
prwem,f
mariya,f
akeel,m
binnu,f
umasankar,m
jaioni,f
dayaram,m
gulzar,m
tulcharam,m
angan,m
shakeela,f
na,f
hareshwar,m
manjiv,m
karishama,f
ramakant,m
kanchi,m
uved,m
kismti,f
safila,f
pavi,f
davendra,m
aalina,f
englas,f
nimesh,m
manful,m
ramjiyawan,m
somender,m
samaprveen,f
saanu,f
radikha,f
supna,f
lamani,m
gulshad,m
subhangi,f
farku,m
aamrin,f
sanavvar,m
latif,m
resmi,f
ratneswar,m
nur,m
mogan,m
ladidavi,f
satyvati,f
alok,f
jit,m
panchi,m
rampher,m
nashima,f
chhabeel,m
maan,f
menka,f
balchand,m
jayesh,m
imaman,m
birmadevi,f
siya,f
wazid,m
sambhu,m
indraj,m
guljar,m
rojmen,f
raji,f
perveen,m
samsudin,m
riyajuddin,m
seti,m
bachan,m
atta,f
deepanker,m
jite,m
sanu,m
bhulan,m
vipiv,m
khamchand,m
sawali,m
jaanki,f
biraj,m
shishul,m
chhedilal,m
soam,f
hema,m
harmeet,f
shaubha,m
name,m
bhopal,f
keshu,f
pritesh,m
nooralam,m
sukumar,m
bodu,m
irfhan,m
surgyan,m
devyani,f
iesha,f
mosmi,f
veera,f
gulnaz,f
ikara,f
mangu,m
radhadalal,f
kbeta,f
rukhsona,f
unkar,m
khubhu,f
premchand,m
muni,f
pushpawati,f
kirorimal,m
moham,m
velaram,m
emran,m
sahaja,f
satynarayan,m
binu,f
itwari,m
jioty,f
koshalya,m
sukhpal,m
asutosh,m
kumod,m
putulu,f
nshima,f
reyaz,m
tamnna,m
neki,m
kunod,m
michael,m
khemraj,m
rajni,m
prshant,m
risiraj,m
beenu,m
sudeshwer,m
irphan,m
tripurari,m
chettan,m
gyattri,f
gurudut,m
narinder,m
gurjeet,m
bholu,m
munne,m
nirosha,f
radhyshyam,m
samsad,f
parshant,m
goldan,f
rejaul,m
dhanu,m
mehronisha,f
aayesha,f
vipendra,m
keli,f
shabra,f
suzata,f
sangram,m
sawariya,f
pree,f
niyaaz,m
jaiprkesh,m
isharar,m
bagga,f
shanwaj,m
arham,m
ajman,m
hrithik,m
abusala,m
anuja,f
jwala,m
vandna,m
laksh,m
lavkush,m
baniya,m
brkha,f
netrapal,m
killo,f
dhulin,m
bhupendar,m
raghuvinder,f
sumita,f
shrabani,f
narbir,m
sapita,f
nosad,m
shelendra,m
januka,f
jamal,m
pusgpender,m
barti,f
moka,f
jitendr,m
aarifa,f
anshum,m
muntrin,f
harshmeet,m
mahinudin,m
yogita,m
dhanwati,f
veermati,f
umardeen,m
jeevanlata,f
data,m
madhusudan,m
maneeta,f
gangajali,f
andhav,m
zahira,f
shrishti,f
jalmi,m
sukhavinder,m
rghuraj,m
prabhatyashi,m
lambhu,f
aladeen,m
nitu,m
nila,m
balti,f
chanderkala,f
abha,f
prakul,m
rambabu,m
surti,f
shital,m
lavali,f
rajinder,f
namen,f
sispal,m
jamrujaha,f
mashli,f
doulat,m
evan,f
sunhara,f
shahista,f
bannu,m
atu,m
mammta,f
shokraji,f
mohmmad,m
saddham,m
seweta,f
vandita,f
jaimata,f
shankarbhaya,f
rishipal,m
hadisha,f
shahbuddin,m
mushrraf,m
birajpal,m
pannalal,m
jainarayan,m
satwinder,f
pakhali,f
mamita,f
faim,m
rada,m
neelima,f
menpal,m
dhapa,f
asmin,f
randheer,m
phoolwati,m
bhajandeep,m
amreeta,f
khumlo,f
manglesh,f
najmin,f
josin,m
jainub,f
misbah,f
risabh,f
juhi,m
noojo,f
atish,m
sirazudeen,m
dipa,f
phuli,f
kaifiya,f
salahuddin,m
amarendra,m
usha,m
khetra,m
justin,m
khalidur,m
alish,f
manowar,m
nathi,f
iqarar,m
tiwankle,f
murtibai,f
pavitra,f
aaenab,m
ramdutt,m
guni,f
kalusingh,m
shahnam,f
sarjaha,f
dhiru,m
aruni,f
rajputra,m
subhi,f
sheilesh,m
monny,f
vijaya,f
reekha,f
kushumavati,f
deepan,m
parem,f
moshad,m
shivalika,f
reena,m
shamsuddin,m
alikhan,m
arindra,m
aakas,m
kalpadma,m
bhanumati,f
bharkha,f
soona,f
sosari,f
kushmita,f
vasa,m
shahabuddin,m
sabid,m
sachi,m
aasu,f
ruben,m
akheelesh,m
navendra,m
yunishs,m
pushplata,f
aashia,f
shekiba,f
preeti,m
hamsiran,f
jagdeesh,m
gilbahar,f
bantu,f
kirpa,f
faraha,f
manlisa,f
bhiva,m
premjit,f
dana,m
lehru,m
parvesh,f
rishaw,m
kawa,m
kaushik,m
umardaraz,m
siyaram,m
jagrti,f
chaturbhuj,m
chatan,m
basiran,f
angda,m
anarkali,f
bato,f
anja,f
julekha,f
yinita,f
shakutal,f
man,f
lavpreet,f
sidhrath,m
achin,m
simmy,f
pramjeet,m
ramli,f
isthar,m
motilaal,m
rucksana,f
subato,m
ashak,m
chintan,m
jani,f
suwa,m
pervinder,m
wiliyam,m
khushnudi,f
aarti,m
jankidas,m
suchita,f
rubal,m
gurdayal,m
dowlat,m
lakhmi,f
khubshu,f
bhgavti,f
sumesh,m
subhiya,f
mmta,f
doly,f
khushnaseeb,m
muskarn,f
amna,f
hisamuddin,m
champa,m
brijshwaer,m
mosim,m
munkad,m
shyan,m
salaman,m
husana,f
harishen,m
sayja,f
latoor,m
itvarya,f
jitander,m
ruanbza,f
rukhsar,m
rupam,f
shyoram,m
parmeswari,f
adrash,m
nishtha,f
sedarath,m
job,m
mahak,m
shulal,m
rima,m
dheerendra,m
lawrence,m
monty,m
kuwar,m
anvar,m
manwi,f
rachpreet,f
rajuddin,m
basnti,f
kamli,f
babar,m
jeenat,m
kamaldeep,m
dama,m
numesh,m
ragwender,m
bhundki,f
gurprit,m
narsa,m
ramsewak,m
mohabbat,m
kanhyalal,m
sauni,f
manoti,f
shvani,f
maman,m
keval,m
pardeshi,m
omender,m
fuljhadi,f
gulabsa,f
iklakh,m
sehjan,m
salomi,f
umanath,m
maryana,f
najar,m
kinya,f
imam,m
narhasi,m
busra,f
rasul,m
tashkkur,f
anjila,f
hament,m
khokan,m
pappy,f
susmata,m
sokin,m
janesh,m
sano,f
nootan,m
pargati,f
rajkumarm,m
bhupendri,f
pareen,m
revakshi,f
shaturughyan,m
rony,m
seekha,f
ilyaash,m
sandya,f
gawali,m
satnam,f
shmejha,f
aamina,f
kanchn,f
ruhi,f
azruddin,m
bhavuk,m
gensingh,m
afarin,f
hajrat,m
tamu,m
billu,f
harmani,m
nahani,f
vijendar,m
aditya,f
sadhu,m
islamuddin,m
faimuddin,f
ranjay,m
seta,f
chaterpal,m
salini,f
na,m
swedesh,m
deepka,f
prittam,m
beragi,m
binita,f
iema,f
rahishudeen,m
devkran,m
muskan,m
aasto,m
hosiyarilal,m
rupen,m
badrulla,m
alahbasri,f
kimat,m
mudbir,m
sotaj,m
barham,m
ashra,f
harbas,f
abhisekh,m
ataullah,m
bhala,m
tamsa,f
virwanti,f
rajrani,f
kesavi,f
ansu,m
sauhal,m
kausar,m
kulbir,m
vijayanta,f
gurdarshan,m
iliyas,m
sunena,f
tabbusum,f
bhawar,f
adan,m
meer,m
harshdeep,m
manuvar,m
sngeeta,f
bismilla,f
anita,m
firoja,f
hashim,m
sanpat,m
jimmi,m
gurjeet,f
kalwant,m
jaimati,f
kalashi,f
lalital,m
amina,m
aluddin,m
shilu,f
salin,m
rabita,f
nayaka,f
nibha,f
nanhi,f
jaivanti,f
kamran,m
alkesh,f
musibat,m
devid,m
mudrika,f
faqir,m
siraz,m
haseem,m
sugandb,f
mubashir,m
rosanjahan,f
pyar,m
takshila,f
tasveeran,f
terence,m
subin,m
bhajanlal,m
nazeem,m
shanti,m
alaudin,m
chatru,m
vipta,m
swetna,f
sahenaj,f
chetan,f
multan,m
shashid,m
ajima,f
tufel,m
chapma,f
nazibuneesha,f
nashim,m
anwarulhaq,m
twinkle,f
guddibai,f
rajdut,m
kosaleya,f
ratna,f
radhabai,f
aaftaab,m
nafeesa,f
mini,f
umrawti,f
partul,m
shaili,f
somprakash,m
suntia,f
chitranjan,m
mithalesh,f
aakib,m
shanshak,m
jayuti,f
gulnaaz,f
dund,m
radheyshyam,m
manfool,f
balwanti,f
shisupal,m
vidyadatt,m
begumpur,f
prabhash,m
mitnu,m
smariti,f
dharminder,m
jasodha,f
patav,m
dropati,f
amlesh,m
batasi,f
jasvir,m
ikramudeen,m
chitra,m
vibhash,m
avaz,m
kulli,f
binpal,m
firoza,f
mehwish,f
pushpanjali,f
prya,f
rehan,m
budhwanti,f
trannum,f
neemi,f
parinka,f
bhramanand,m
jhakar,m
vinayak,m
saiyada,f
one,m
har,f
babby,f
viraj,m
fool,f
shiteel,f
binder,m
deeraj,m
golden,f
gugna,m
aswani,f
mokida,m
spana,f
sagira,f
sabbab,m
kawita,f
gitali,f
vipulander,m
afshana,f
manvendra,m
sabana,m
kalip,m
girja,f
susheela,f
rumeet,m
ikrar,m
batul,f
bhanmati,f
edris,m
nafees,m
bharatlal,m
devdhari,m
balam,m
jubed,m
handu,m
momita,f
gjender,m
preet,f
rinki,m
rohila,f
kaim,m
rolly,m
phoolmani,f
kherul,f
newal,m
punni,f
prabhatilal,m
bitoo,f
mehak,f
hardev,m
munnadevi,f
akhlakh,m
kabid,m
gurjit,m
mukat,m
gopesh,m
gajana,f
abishak,m
manojkumar,m
bhabhiya,f
neela,f
najrin,m
tapsam,f
bhoopsingh,m
shyamlal,m
sajim,m
avid,m
peentu,m
daks,m
kushumlata,f
jainab,m
momin,f
mnisha,f
upasana,f
shun,f
agrej,m
aansu,m
lekhram,m
dhuruv,m
mehfooj,f
sahrik,m
panaj,m
nathiya,f
anoj,m
khangara,m
shaswat,m
dharmendera,m
leelu,m
alapna,f
jibanti,f
maharaj,f
saeed,m
deepnarayan,m
maniram,m
akshita,f
shafibul,m
shobha,m
ebane,m
ghisaram,m
jasvir,f
sukhvinder,m
soban,m
mansavi,f
akshpaat,m
sarojini,f
hafsa,f
reetima,f
muntiyaj,m
rawi,f
sanjya,m
aadesh,m
ruppa,f
noorjama,m
laddha,m
sehboob,m
fakrudeen,m
gulkasha,f
kamrudeen,m
birajbhushan,m
jodhi,m
ramswrup,m
munish,m
for,m
pratiksha,f
manno,f
archna,m
shivlal,m
fareena,f
guman,m
javedh,m
parven,m
brahamprakash,m
virjiniya,f
shahdab,m
lalutha,f
param,m
sohi,f
anjali,m
diwakar,m
bhusan,m
balmiki,m
banarsi,m
sakiran,f
bitona,f
chhaterwati,f
bhart,f
nathulal,m
nadhim,m
mobarkar,m
pataso,f
kana,m
sarves,m
nafish,m
nawali,f
ashikeen,m
iqubal,m
halima,f
mangeshwar,m
hazu,f
shadiya,f
faraheen,f
raunaf,f
jagviri,f
babbu,m
sntosh,f
karanveer,m
lakhraj,m
sahlesh,m
hasrat,m
sehrunisa,f
kosar,f
sanjogta,f
nooreen,f
sadiq,m
alam,f
matok,m
asharani,f
zahir,m
sahnawaz,m
safika,f
shushree,f
janta,m
dirgaj,m
eshavarya,f
hini,f
sudma,f
omeshkumar,m
beeuty,f
yatin,m
urmila,m
mangol,m
kalap,m
shushil,m
gulafsha,f
grish,m
piuesh,m
ashman,f
shakhtnsana,m
manoj,f
gheesa,m
sukhpreeet,f
sayari,f
feflibai,f
kalua,m
juneb,f
sharanjeet,m
pholwanti,f
nawed,m
bawan,m
sabrina,f
shyamvati,f
yudhbir,m
ravindera,m
